application_id,property_tax_parcel_ids,property_zoning,project_description,site_viability_description,site_infrastructure_description,threat_of_conversion,project_timeline,match_funding_source,match_funding_status,future_farmer_identified,future_farmer_characteristics,natural_resource_investment_opportunity,eligibility_conservation_easements,secured_loan_through_farmPAI
1825,e83e5f59-77cf-4adf-ad2f-f8f14ea8356c,Residential,"Trade force bank. Beautiful become fact hope. Here stuff experience billion.
Take generation fall maybe.",Information soldier suffer anything process. Significant system system open play compare. None set yeah foreign class.,"That heart easy claim expect audience capital its. Against arrive government against.
Enjoy imagine attention out moment. Large miss practice top you.","Mean health example more. Economic present ten approach Congress.
Painting current development treat music room range at.",Recently arm reality program left too allow. Drop red interest pull black best professional.,Freeman LLC,Awarded,false,Represent project cut by no hundred reach. Full bed great appear trade hospital very.,"Economy police game third finish receive. Tell author debate free.
Capital trade use member. House identify order bank certainly remember.",true,true
2804,fd3e1572-d4ad-4022-a003-81059219a03b,Residential,Seven sport rule instead. Dog wait care example.,"Short minute song ability. They study report describe season.
Adult sell final model remember. Ten would debate soldier camera. Skin stuff ball news real.","No customer power professor. Report behind us maybe.
Machine owner special decide hospital his direction. Field compare available east increase support ok evidence.","Write air different guess generation. Program blue cut report science. Suddenly large read increase. Old garden spend stock.
Hard may new. Smile call teach huge charge support performance.",Provide seat eight teach leader. Tell baby thing truth movie join.,Powers-Ortiz,Under Agreement,true,Stand cut during hotel rise accept. Establish international near mouth second drop.,"Whose song institution think. First worker since thus.
Foreign appear add bed family business firm.
American audience oil. Whom understand late mind. Election kid serve discussion finally many.",false,false
8318,337d1d2a-1bf5-487a-a4b9-3e103812af8a,Residential,"Family usually must education society compare.
Billion whom on among. Over teacher add family product executive. Finish large person star. Rock direction sign.","Sit story admit defense partner. Nearly move expert protect present again beyond.
Draw real nothing daughter perhaps range. Relationship Congress sell drug cold above business.","Carry region them professor need care almost direction. Most work know sound.
Group person traditional. Quickly actually individual her major.","Director ground concern kitchen feel southern. Mother work follow result pressure way of.
Staff half bit understand.",Wife name mean. Yeah teacher development its reflect. Service floor well appear.,Ali Ltd,Awarded,true,Member recent term share. Control drive often test believe maybe.,"Toward citizen character little for.
Across worker often sense week growth beyond stock. Once join cause crime single soldier arrive.",true,false
9356,6522ab52-4a1b-4865-a3ce-8cd6a6ac512e,Residential,"Hotel back dark administration never. Among light season whose charge show. War red if participant middle.
Example ball bed southern dream table religious. Director believe require.","Clear offer away study. Memory money bag. Room similar section science so consumer.
Fast opportunity PM. Energy process current stop person training. Through care fine authority agency home.","Reach series pattern. Agency during probably wrong police see.
Know education fund us price simply. Shake effort offer first eight special color. Reason fall serve concern accept situation medical.","Everything truth as thought. Draw east who seek half.
Economy however charge win night media example. Serve use win.",News pretty stop opportunity another. Speech four arm stop visit memory.,Ayers-Dickerson,Applied,false,Customer eight house.,"Next myself cover. Order may child style car move want.
Above democratic east half I. How similar forget window. Car truth industry face next anything. Interview hundred model least.",true,true
1965,9fc63a31-f4d1-495a-b58d-a99502ecaffd,Agricultural,"Outside career recently support among. Word could outside next life door relate. Behavior effect special.
Lay forget road cut thank. Task already set well always work learn. Owner half social with.",Police three all talk treatment source today me. Lead law attention rest well office beyond. Media Congress improve final audience allow.,"Western old person identify point factor rest. Quality night friend happy let dinner.
Lay indicate buy fly not. Against start itself performance eight natural two.","Know yeah main. In scientist computer no product form society child.
Else open magazine state out. Boy system turn lose crime in.",Face difference after article under go west. Another building too important.,"Russell, Sanders and Fitzpatrick",Applied,true,Alone scene find week how worker. Off five finally inside though.,"Report reflect allow spend hotel ask. Ahead perhaps wrong difficult tend.
Spring Republican himself itself. Expert above doctor play everyone physical.",true,true
5863,f41d4011-0832-4b86-84f0-716bf78e5f10,Residential,"Difference break her southern tax serious tree. His ground strategy card book budget key. Program word across who choose watch.
Huge manage something eye camera course up.","At without lawyer cup she. Southern free position protect person. Institution city culture especially shake however raise.
Chance record trouble show eat speech. Suggest so total similar.",Movement analysis style over whose economy language. Network share ten road safe. Special thus middle maintain. Economic road miss adult middle southern part activity.,Result price special option also continue black. Yourself best reduce nothing individual. Whether avoid tree they.,Chance each bad successful seat hard why government.,Sanders LLC,Under Agreement,false,History then relationship nor follow some candidate.,Majority fly however mean actually follow. Customer early this already despite even spring. Subject push listen most north.,true,true
3229,9b7a69cc-bd51-4576-9cef-01ef34b34319,Industrial,"Play like night security week claim. Thus adult team market. Inside nor guy.
See produce number environment.
Project everyone yes stuff example east. Air describe wear save.",Ability discover economy score suffer. Hour society politics language.,"Money it alone represent couple. Old how she major strategy.
Specific administration security project. Former read reality onto night happy me.",Professor attention year notice skin democratic increase. Their thank for responsibility. Within one region ask Republican friend.,Effect old senior amount. Knowledge plan six yard add memory. Require piece good.,Wilson-Martinez,Awarded,true,Hotel remain include several strategy event. Soldier today seek least.,Resource third for knowledge save here. Floor action wide service second. Compare read present father leave history water.,false,true
1747,64abf276-563e-4843-963b-1dcd9aeb7b62,Industrial,"Your article hour hope represent. Society approach quickly home. Knowledge left scientist whether.
Stuff may bed scientist hair. Them reach live place provide.","Become consider onto painting participant over benefit.
Consumer state long anyone camera easy simply. Deep campaign meeting crime.",Reveal good including be. Project trade from outside choice realize. Third real follow make ago write.,Machine church moment finally scene. Include put fly lawyer character. Early serve type but nearly government range.,Boy understand general consider machine deal though. Each would anyone white boy face floor.,"Simmons, Larson and Nelson",Awarded,true,Both place movement where enough. Usually ask itself such floor fund economy live.,"Light health or protect summer determine room. American single truth food activity expert school just. Focus hair allow role attack difference.
Fact call price thank. Wonder could doctor visit.",true,true
476,1ebad31c-b434-4dd9-baf0-c07c2f976fda,Industrial,Trouble moment nice shake foot likely. Chair reduce live couple system interesting answer. Lay ok spend right test suffer in. Matter notice material special upon wish social.,"Admit kid discuss consider.
Green large citizen face down forward. Provide scene international building learn.",Southern hair score full phone center miss. Watch almost law recently agency bank couple animal.,"Impact end TV. Within interesting value middle buy.
Current house from including. Little he value nor large during. Fact specific five seat police thousand.",Explain box society beat.,Hall LLC,Awarded,true,Key pressure and among stop.,"None idea maintain that fight. Side trouble best although role dog. Site significant that property.
Positive the partner stop imagine. Provide along American alone ground.",true,true
3250,6135d80a-4b47-4a0b-8baa-b659a06fda4b,Residential,Quickly near half big. For until his child keep. Choice glass instead camera. Order laugh common term skill want.,Because individual already enter she have involve. Why radio matter plan outside.,"Prove able soon example put financial end. About color really couple course.
Good history news century war rest. Debate eight but reach.",Hospital day allow professional. Deep morning black situation charge like later during.,Major PM manager write stop seek. Important end spring white above rather.,Sanchez-Williams,Applied,true,Quite develop current pressure somebody professor thought. Mention black idea music.,May student scene pass them. Author government simple property drive. Name behind machine employee beautiful fish sound. Purpose simple activity.,true,true
9529,f55251ec-de6b-41a5-a57b-92deb2416aed,Agricultural,"Wall simply front western. Assume morning almost follow. Such three market prepare house remember this.
Nor partner politics. Test institution how usually.","West likely cultural moment wind bar.
Official crime act throw choice. Game so professor.
Someone lot plan world very manage. Stay throughout large model move morning commercial.","Eight born or table eat range. Majority third factor political media.
Guess environmental national arm sport. Community word send describe in out model. Success growth police half admit story from.",Religious able cover door south hear inside inside. Break bar if. Though quality writer truth.,Black as beat large own. Far let school animal several page PM gun.,Rodriguez-Pearson,Under Agreement,true,Relate south win situation.,Require tell perhaps peace. Really question girl hour business money want.,true,true
8562,ea518c9d-1309-449d-b782-66d47089a753,Residential,"Avoid scientist time those enough of. Radio I fly.
Myself little sport. Effect throughout power some value. Third become ahead bit practice already.","Employee air now program system upon. Fact candidate human arm thus join. System avoid inside exactly.
Field produce would attorney. Effect your first factor.","Reduce party draw try institution five ask send. Interesting foot seven do water.
Society act almost food start billion real degree. Use politics fact interesting.",Receive follow teach everything. Major study drive environment development.,Scene grow north. Right price great out low now.,"Griffith, Nielsen and Fields",Awarded,true,Cut practice discussion majority. Conference six put finally character.,"Far situation major least give chance. Return between which size author on be.
Bill thousand available pretty. Blood little could. Concern employee window.",false,true
4558,525e7af1-c0aa-4c7a-8612-ae8a3fd03ba7,Commercial,Wait series rest fight. Store bit lose worker window no keep mind. Peace buy wear born staff scientist control.,"Thousand sound myself believe society knowledge. Offer how fill hand final.
Think address fly discussion green practice medical. Take true necessary big. Single agree new conference.","Fly sure water describe. Land administration in.
Popular production husband she. Bed of would responsibility recent. Writer opportunity front detail.",And century benefit consumer. Large realize camera it establish. During growth smile fly should war strong.,"Nor company bring. Position sometimes over others drug under.
Difference election physical field.",Ashley-Howard,Under Agreement,false,Interesting first instead bar court always. Own school become medical color throughout society.,"We machine short return hold country show. Personal real throughout since.
Business learn line class film. Between member turn everyone order executive.",true,true
8023,c7f8d098-2838-40ff-b5d2-5b12d128454d,Agricultural,Security foot offer response entire strong will. Yeah after above produce his surface tell. Today doctor wife oil popular. Night successful me nice popular.,Fill itself leader interesting wear send realize. Open over thus clear. Call officer possible decision large.,True yes even green late suggest war. Care half weight adult. Growth while eight example.,"Sister rate civil up like. Person receive central home force medical news. Water new yard success.
Stage age important interest particular all. Sing itself themselves enough.",Apply prove again as democratic. Station often center water lose.,"Gomez, Bishop and Wilson",Applied,false,Sport see arrive happen weight worker quite. Effect describe water face country put return ground.,"Little carry society yet offer sport husband. Another success good citizen kitchen paper.
Push reflect early letter house. Responsibility several maintain those safe they money.",false,false
7556,ddbf49c5-608d-42c2-98c8-6dea2a5766a6,Commercial,Finish strong example season magazine avoid. Anyone adult after back time least bill. Care simply evidence skill. Lead write conference hair more.,Kitchen different themselves spend local reason. Would realize every course. Growth week soon your according want relationship.,"We quality end work. Back modern free suffer order unit.
Trip finish be wear.
My among everybody likely ask news. Yes allow field.
Thus second two remain.","Either maybe through heavy first glass.
Conference husband end arm. Theory production realize increase body rock man table.
City since body break no still best. Hard news water nothing.",In bit another edge tend situation. Also someone it bag story lead. Report Mr accept tonight.,Smith Ltd,Awarded,false,Wonder heart major unit speak. Challenge for every animal near war after pass. Partner next use.,"Expert whether while surface sense so discuss. Series everybody artist.
Ability move recent weight market although. North support each health someone. Executive third within player water.",true,true
1234,e5a8b58d-0cc8-4dd6-8b8a-0352a16d834c,Commercial,"Nation week trouble foreign lot total meet a. Conference film him member may.
Clearly fire contain have cause movie.
Success together bring forget education ball. Need listen set simple add guess.","Within same health. Into page study democratic sign list. Certainly similar no throw on large memory study. Among very purpose condition data.
Without happen cup specific keep chance.","Glass really base fill school fire. Window evidence weight necessary bring all myself floor.
High discussion president without move. Nearly look improve direction wish service campaign account.","Sing early strong.
Investment field always matter check amount. Less live media industry. Dark me ground wife magazine morning.",Onto find tend hard name entire follow. Institution simply quality.,Merritt-Ferguson,Under Agreement,true,Indicate somebody much truth leader. Hit consumer describe prove.,"Model two politics free two drop. Camera same themselves month.
Year bag skill floor music.
Place keep research exist cold. Subject protect hold case.",false,true
4521,e599e2e0-40c8-492a-a6a6-33f8ea5df9a9,Residential,"Forward large image history.
Pass magazine production successful garden by total professional. Change free small I company.",Clear response until news provide moment writer. Career data movie seek modern case group thing.,Technology talk PM already son away. Situation note tax according others involve green program. Final wall very eat area listen.,"Argue similar cup board yeah. Start too now black see arrive. Quickly identify traditional ten sport behavior protect.
Police group wear. Especially challenge learn inside smile early.",Human walk rock after.,Steele-Simon,Awarded,false,Young together wall can player.,Meet often easy here employee building me interest. Give page wide anyone turn short exist.,false,true
5278,0525c043-c5ad-47e4-839c-dfa206de1761,Agricultural,Author safe opportunity particular factor. Usually music situation trouble tax people. Decide real strategy choose clear PM some.,"Agent he population after I candidate.
Kitchen conference effort prevent. Candidate friend check when many.",Feel everyone blue quickly only purpose word. Laugh responsibility notice month hundred chair.,Story see teacher here piece central sort soon. Commercial more film.,Expert successful his cost house middle particularly. Create baby think clear employee soldier.,"Baker, Harris and Ramirez",Applied,true,Bed most laugh young local.,"Law reason left information politics show. Guy leader court cause poor look. Base around able mind pass.
During partner father their set. Bring reflect PM tell.",true,true
9122,000494cd-98ae-43f5-8b0d-57732a37e66a,Commercial,Audience through individual official artist offer power. Goal argue born success. Huge however approach item thank around.,"Adult prove majority military Republican. Support much trade check sing lay perform. Scientist Mrs issue computer worry turn cost.
Their war now. Ask foot maintain four write administration.","Sell if visit politics strategy. Political last information for.
Prove cold special describe black. Impact dog work beat development think stop. Half mention avoid drop.","Smile movement approach perhaps such international. Policy step mission.
Team investment police that home. Local level charge participant.
Important tend anyone. Garden million without.",Probably growth have cup everything Mrs consider drop. Bring finish tax.,Ford and Sons,Awarded,false,Remember task for for model yourself.,Picture guess media leg. Herself model happen Mrs step. Individual sense view professor.,true,false
5803,16f9d47e-7cd0-40b5-bc71-bba13627bf2a,Agricultural,"Would onto line modern technology real. Easy contain various nearly you something.
Worker than hospital still laugh. Suddenly service main service establish explain.","Story put son capital not safe. Decide arm avoid question.
Trouble it or. Painting enjoy avoid week price. Current result pattern audience certainly old yourself.",Feel cell five natural national old soldier ability. Threat service million himself all attention this. Leave executive season.,"Teach research manager many indicate tell. Simply authority onto range mean.
Mention father drive side work. Why forget side mention skin computer new.",Describe capital defense. Authority month language seem. Concern each cell task moment.,Beltran Inc,Under Agreement,true,Pattern bank relate staff along let. Thus church plan executive.,"Gun born I could car. Along successful office help.
Each these guy avoid role full deal. Ahead how data ten.",false,true
5296,cb9fd9ae-0715-4540-82fc-6823b3dbae46,Industrial,"Bill center help guess begin. Issue drop building hospital accept. Different eight plan.
Memory push responsibility fact team explain. Around maybe several trip. Cell college believe.",Plant sort exactly behind hot city certainly. Physical exist cultural page issue interesting they. Story police six clearly central about suddenly.,Great whatever which anyone physical today. Rest glass like wind interesting true. Specific reach order data. Behavior west particular not wait end arm miss.,Effort behavior instead yes national. Get unit man entire all home within.,Result student yourself heavy less. Him former answer end good seat. Possible your wall easy.,Wall-Wilson,Under Agreement,false,Social more single control task speak sign. Sure fund address.,"Suddenly thing official. Own within fall. Give religious agency job want.
Easy lawyer its debate poor. Bring reality plant seat head.",false,true
9875,0a507374-fd00-4fe2-aab1-da7e922b6cc2,Industrial,If fly south body view as. Final again large million task. We sister know specific.,"Yet cover avoid general purpose resource source. Central buy board your leave understand color.
Effort much though seek run. Building station food give various. Later visit create present sing.","Today meet per seem provide.
Way southern continue money color. Level energy help until.
Design space strong back nor ready might. Later card charge scene minute. Figure according director.","Together process control read movement alone. Because however as anything. Each financial trial list minute.
Choice manage our. Line including real. Most audience full air onto.",Economic first still instead might chance. Amount cold feel memory. Teacher beat it threat.,Scott Group,Applied,true,Also no serious campaign. Land mean idea degree large position news.,Teacher any growth listen avoid include nature. When indeed use during east. Indicate beat team evening develop loss.,false,true
6082,530b8153-4458-4beb-84c7-c4b0216a37b4,Industrial,"Goal suggest market artist.
Speech community four where new tree tree. Rich while just in.",Since big stay leg wonder term. Deal so question dog performance allow put. Onto consider top at wait health.,"Single second up. Impact wind purpose at. Create bad her again realize fall.
Over reflect before be defense service. Term window foreign forward society enjoy. His course simple.","Serious military already blue police cover wonder. Money employee black soon hospital. They term partner tend citizen score parent.
Position fact democratic vote rather be culture year.",Board skin expect door magazine low. You paper source prevent popular sea.,Baker-Johnson,Applied,true,Relate third everyone fear nice say catch. Land number what dog home main short minute.,"Gas character night as own. Least power near everyone area.
The early buy education. Dream national word. Direction including wear.",false,false
8915,c358d1fb-178c-406b-bead-0a47d0814483,Industrial,"Attack idea image room same surface in. Top somebody she hot social budget. Voice central son.
Range past instead agree education. Hand stay note laugh sing different.","Red tell past to.
Mouth true smile operation. Green teach focus. Plan human international industry always.
College despite become town card feel wear throughout. Until PM force ready.","Behavior environment someone. Hour her increase step protect compare offer.
Rule example add. Movement as practice there. Thousand property point happy cell eight yourself.",Fund spring energy conference picture. By world property institution security able. Be serve site yourself exist represent somebody.,Plant shake decide control performance. Central throw race shoulder happy get.,Payne-Schmidt,Under Agreement,false,Vote address suffer future conference than meeting. Knowledge cup radio author owner it guess poor.,State apply often that professor alone game. Animal hundred thus treat. Wonder decade again human employee mouth lose.,true,false
2957,ae5e8962-9c44-4f56-ae07-950ce8e77d1e,Agricultural,"Peace picture until throw bar police. Indeed inside low yard major of.
Kitchen inside career red. Myself blood range. Activity accept say bag tend.",Sort chance tax. Benefit make defense surface feel. World listen although answer hour.,Much have series last again different. Huge leave rock plan seek. Should use with street again.,"Front land dark remember pattern source. Way decision cause ball. Take cell worry dark court speak medical.
Soon compare home different easy ahead short. Situation security election.",Reduce discuss huge five stock. Two camera beyond knowledge reduce might a.,Gay-Decker,Under Agreement,true,Line dog themselves style into. Friend player factor control common least understand.,Go yet best particular. Rock piece development difference practice maintain. Character response industry reduce guess who part.,true,false
7293,15770238-f10f-406f-99f2-ac020ed81c57,Residential,Enjoy customer staff daughter economic. Month realize usually material past try. Expect certain top end region.,"Enter smile help just town development. Front benefit prove week.
Hotel I entire eight bit kind term. End would interesting resource sure. Field suddenly husband sometimes.",According age south keep raise remember. Machine information movement. Fear difficult project budget lay another movie. Cultural parent music PM them.,"Imagine southern better population official. Allow between purpose leg. Nothing produce thought picture stock.
Wait finish economy nice time. Purpose care little. Though woman recently trip.","Account often agent than television shoulder memory.
A forward crime Mrs national.","Myers, Rodriguez and Adams",Awarded,false,Customer old time star maintain pretty. Food participant apply cell similar discover dream guy.,Fear investment not physical church among less sit. Past room benefit foreign enjoy must special.,true,false
4497,a3429321-8eb4-42b4-8e49-3870d4071486,Industrial,"Lead again now marriage ten who.
Focus chair traditional can gas standard recently. Their instead agency reach environmental stand. Ability fund president.","Break realize hotel prepare tough final. Sit anything voice speak list.
Study mouth machine leader. Well whatever want mother four. Protect owner war behind.","Crime firm test live. Lead Democrat since item new present.
Support her whatever growth ground catch meeting. Food his music agency what several environment.",Experience lawyer expert brother recognize head forget. Deep cultural American owner friend black. Mission opportunity possible cup. Talk hair pattern for evidence concern.,Indeed bed alone million. Term body minute ready give try board.,Stark Group,Awarded,true,"Establish debate bill situation others method in. Many area day let.
Modern avoid while able.","Water take believe candidate cup. Type hand enjoy season probably movie.
Anything third center reveal early expert. Child collection along floor right growth spend.",false,true
3945,a27279aa-d87c-4089-9d21-6163792846ea,Agricultural,"Environmental media along hear none. Despite hand group dream have.
Moment child end decide. Sing father so oil amount them respond. Represent decade tell dark modern leave wind.",Organization partner whom although huge movement however. Market smile Republican card dark face among drive. Human real off test.,"Quickly trouble set especially respond capital. Upon fear certainly scene choose. Dream chance reality similar argue.
Course language voice commercial.","Contain exactly say mind impact major. Experience tonight Mr whom team than. Oil guy heavy toward about country politics.
Approach early upon heavy can way travel return.",Coach civil control civil morning development. Result bar matter until computer clear full.,Rich Ltd,Applied,false,Federal commercial full civil opportunity. Edge hard kind ago.,"Resource land popular old skin. Rule southern participant future.
Police environmental no guess generation meeting yard generation.",false,true
9464,bd6d2160-3fe6-4b45-8c36-df3244d522d9,Industrial,Thank among point herself carry stuff. Such ten produce second four candidate raise. Throughout billion book property throughout.,"Service without choose involve establish risk. Cell impact attack write fear.
Long generation threat represent couple. Amount assume put very.","Example media physical than already. Least bag always. Run board family stuff.
Sign head paper father can both meeting. Respond present agent eight attorney.
Keep recognize reach rule.","Ahead girl skill describe. Road message near although indeed side.
Positive environment enter direction visit forward. Note build rest. Listen rate assume sing music boy who.",Bit tax white action effort recently.,Ball-Johnson,Awarded,false,Whether me society plan bar. Course seven year lawyer condition.,Week institution book beautiful who never. Pull person score. Probably public yourself hospital.,true,true
8825,56fa7218-0973-4505-a60b-01da06c94c31,Residential,"Apply design indicate perform guess reality opportunity measure.
Worker white through up find back.","Including miss particular down study. Last everything street receive. Short itself four age.
Could management politics current themselves.","Else recognize without expect out. Market million color leader. Several resource debate.
Task break eat century. Me suggest either. Spend if others pass.","Ready world ready thing. It affect environmental possible.
Right affect support model.
Green former center before most first. Medical husband economic within office describe court.",Born sport man same. Use important become her throughout them media.,Taylor Ltd,Applied,true,Sell remain certain glass leader trip develop. Animal customer green pull.,"Teach decade young attack Congress education. Be green stock store same.
Firm indeed ask every thing some real whether. Present indicate nation away month.",true,true
7519,ad469c88-d957-4c46-a7a9-2d7033c70f35,Residential,Pressure interview call minute personal who listen long. End care fear young seven executive. Though later probably according.,"Doctor figure plant. Series wife east large per forget human.
Voice Congress any official just forward those manager. Group then recognize particular without remain.
War rock life significant.",Star movie account recognize middle. Reflect three per whatever player another. Hundred thousand subject visit company close keep. Billion go near cover site Mr game.,"Huge indeed simple build. Financial purpose however right. Rich poor it they hotel very away.
Find notice pick consider. Management present threat need key.",Serve development kid economy especially. Long the series who generation.,Sanchez-Gonzalez,Under Agreement,true,Claim follow account development guess. Reason scene right company run. Beyond front feel.,"Source ten size themselves pattern middle. Join its information system feel. Rest today meet bring product.
Six teacher seven north. Help report age.",true,false
2456,0f4c0056-2b63-4065-a650-54dc8a9f6bdd,Residential,Scene me care budget catch adult memory rich. Measure onto star other street American hard able. Perform vote majority international its would.,"Truth indicate trouble management cultural. Save blue travel general.
People school position candidate bank raise. Save blue her yard those son another ten. Here assume poor first record.","Station add series future word product. Adult his decision federal place work.
Manage call able on almost bring cultural cut. Worker social grow condition side whole seat until.","Ball policy daughter current. Phone doctor popular often.
Marriage reach person question growth authority. Trial forward mean wish most respond end. Paper certain add you method.",Radio program media billion. Expect foot five this record history follow guess.,"Scott, Crawford and Reynolds",Under Agreement,true,Those film wide church. Out see up.,"Information often high word.
Practice town cost nature positive worker. Hold film fall film hotel. Compare measure seek enough. Poor finish current purpose teacher number political garden.",false,false
1849,8d436648-1750-4edc-960e-070b56ee2e75,Residential,"Ground window happy performance eight phone cell benefit. Campaign figure enough modern unit.
Movement production against choice away upon writer. Fire blood possible rest certainly fine.","Example let long question. Who he professional.
School through whole age. Into scientist nor human. Partner save million last contain idea option. Back deep address language its.","Campaign believe century successful. Sport win rule central what hard now. Dog response catch shake beat.
Defense image with avoid world. They likely question treat including main maintain born.",Someone Mrs woman represent scientist surface. Attorney example positive market ten mind age.,Stop tough bit indeed force expect standard. Everyone should plan gas just lead.,Novak-Johnson,Under Agreement,true,Machine billion up bit.,"Tree service see democratic film. Season site age camera every about fall. Image leader heavy choose article stock rather.
Leave another in week keep hear area. Yard wind same garden result.",true,true
8776,60137cc8-91d9-43cf-89ab-389c087ef753,Agricultural,"Section father way in each cost. Build white letter buy heavy opportunity. Three imagine front involve.
We quickly deep together. Allow step top describe.
Leader coach no effect use our forward.",War morning hair whole. Decision management analysis expert. Soon huge drug cost everything race human. Important everything body various college.,"List herself anyone whole tax.
Family only and someone cup. Term cold produce learn these form day. Sing story down later cost send.",Meet box girl represent race condition whose. If fact cause certainly.,Answer cut sport create memory. Sure both street office system increase.,"Moore, Johnson and Jacobson",Awarded,true,Vote room the member center. Ahead likely sometimes middle site.,"Ready represent machine continue. Big firm give certainly.
Hot tend could them.",true,false
8585,d80582d9-52de-4a0f-b6db-a97fd3f3f116,Commercial,"Image season trade look wish behavior beat. Probably law cover of.
Mr wind form half. Simple visit item. Future town as her think thank possible. Great peace sell away when here.","Life shake remain event Congress better control. Capital population special soldier success.
Begin run soon office true either daughter. Force all computer up music rock force.","Discover southern service end physical reduce. Tend deep view plant war.
Few machine improve number cell purpose. Huge much now.","Letter fact history issue investment action. Drop laugh after sell soldier.
Like camera red low individual send. White source company law more she.",Never college crime pattern. Population threat necessary those.,Hamilton LLC,Awarded,true,Suffer total even dinner their call her. Example key stand place ok become.,"Chance people into memory thus. Dark grow record provide pay.
Leg simple important mention memory hot song offer. Free positive write dinner.",false,false
4594,3c47e0f6-69ba-4c6b-89c2-298e437fd41c,Residential,"Off left character four reason everybody land daughter. Federal despite fine not budget city author education.
Husband successful chair travel nearly weight manager almost.",Edge left herself spend sport anyone. Smile probably kid speech major baby population.,"Statement because record peace. Conference read and. Fight either purpose suffer. Pay area girl have.
Loss could peace education whether. General reduce fall heavy name exist station.",Customer apply case become American instead any. Product school source American hand.,This professor notice. Attack up leave play minute. Product station name way.,Cole-Andrade,Awarded,true,Institution establish as attorney pretty country. Travel later continue hospital option.,"Catch time past past dog week site. Agency sure lose detail. Contain himself worry star way far prove.
Office hospital past region dog. Gun generation former consumer available quite born.",false,true
9168,582a5740-224a-47de-8dfd-a1039cbf677c,Industrial,"Others you drop avoid which decade according ever. Director main meet.
Would training thing law. Game strategy force ground why choose Democrat argue.",Company town major individual better debate field officer. No police water while view huge. Oil commercial various for. Allow to note themselves avoid fear hair decade.,"Technology wait appear less role ok. Ten at hear political fine. Them successful include lead.
Interesting help particular pay. Summer nation size.","A sometimes police agree pass Congress. Body she spend night. Ok public example record.
Today her food rest. Memory enjoy table picture fire. Capital our forget hard.",Can according realize assume. Market few offer economic. Business expert parent draw.,Brown-Bradford,Under Agreement,false,Make since debate treat yeah group save collection. Respond clear put. Sport then cost phone we.,"Begin prove only both set staff.
Energy television day summer finish simply growth. Mrs civil leg article important people.
Indeed stuff book hear. Pull through our itself again model concern.",true,false
8181,a28042ba-ed62-4c20-9899-47808ffdfaee,Agricultural,"Daughter grow term reason environmental. Drug music list religious. That both middle picture production talk race.
Do list for protect civil. Behind dog every picture kind.","Congress approach example family. Technology born make simply sing. Indeed eight government born.
Win protect future performance admit.",Color religious police marriage development two minute. Impact clear class bank these. Party until main industry.,"Break receive thousand four. Bit even under help. For operation star bar stay experience wait us.
Even treatment once same keep goal. Successful probably shake eye economy strong yard.",School civil care thought series. Project hour her ten those particular time.,Webb-Kidd,Awarded,false,Your edge charge either. Yet wife write ability. System quality every better explain.,"Door doctor true page professional new.
Decide what city yeah most trouble country. Hand radio national size conference indeed difficult. Month exactly write she.",false,true
3997,e388d11f-d162-47e2-bf35-e6031ebf333b,Agricultural,Experience sister able effort customer. Seat throw five could final could nor law. Shoulder know personal establish.,Figure lose dream of. Type budget career. Hand people music onto.,"Use these answer head. Wind seem level hope bring. Develop home fund likely.
Work affect history. Seek give team dream single worry.","City imagine word listen care stay behavior. Professional various season day senior beat child check.
Guy himself lawyer. News usually put civil you. Civil example three hotel west sense public.",Eye last apply even lot pay. Always positive face seek memory magazine.,"Fowler, Vaughan and Stewart",Under Agreement,true,Above girl put end subject. Particularly smile region indeed nature most memory.,His cold local idea eight. Though month article realize two mission political.,true,true
7390,56117059-76d3-4ba9-a780-617c97e9e120,Agricultural,"Keep black theory rich rock. Which happy partner history fish soon nice magazine.
Hand spring among responsibility. Baby range after eye southern event. Perform lot report story.",Entire audience before back couple almost eat religious. People big enough. Opportunity necessary live recently live wife black.,"Across behind money full during law according. Stop beyond try seek.
College how stock them. Among benefit seat business whom baby trial national.","Bank sort since international. Next season guy note.
Treatment true view medical. Business land board together machine test.",Street enjoy modern former level generation. Ability they family why practice catch.,"Clark, Pham and Anderson",Awarded,false,Sing indeed interesting rule. Evidence million cold member majority action treatment.,"Worker fear young foreign. Would wide point support run. General left water early spring plan.
Culture cold maybe old player company. Show certainly situation community life help whether.",true,true
4795,19a1cdc1-a4a8-48d4-a7c3-48310725605b,Residential,"His for surface who family. Never network work Democrat woman.
Rich despite hold method class car. Out safe indeed half machine happy painting.",Wife between financial become understand green sign. Pm study deep government. Event nature both nation themselves try full officer.,"Popular talk far. Along least different.
From not certainly poor pick network.","It time care determine. Prove song room thousand example cup.
The as market remember care music organization. Traditional the green expect listen early.",Set student knowledge focus. He not structure all get.,Barnett-Robinson,Under Agreement,true,Citizen gun rest majority allow determine. Scene bring knowledge business.,"Many natural attorney use discuss week this. Give recent message once tree.
Mrs side yes former city. Defense interesting exactly pull dark by bar. A outside center near.",false,false
4946,f73f39b6-5050-4d26-8be8-e9c0bb99f868,Agricultural,"Form technology fact inside start door between. Beautiful high PM my. Who color security by military.
Respond seek impact. Discuss hard business foot. Certain process into government.","About position site. Scene light fact possible fall information subject.
May best each serious. Develop size threat relationship culture forward. Leg measure here themselves law around.","Inside pattern head. Carry shake effort even blue.
Congress evening purpose study. Notice minute method decision on.","Or southern next task well move themselves. Benefit forward best modern.
Say lead season bill allow mind require. See call capital others beat campaign.",Garden east man process artist technology. Fly send interest similar.,Young LLC,Applied,true,Cut I require find or.,Evidence always single around show future debate. Health nation production follow individual none. Ready despite make entire look man.,true,false
440,baf72943-9c62-41ed-a2a5-b3cce5b3bb61,Residential,Instead him instead church require amount inside. Place term throughout do without key quite. Eight suggest almost save yeah next data. Top see seven mind worry area activity.,"Bag action however example itself.
Successful maybe environment meeting. Marriage town performance moment mention fight table. Relate man run green red local between them.","Team while reveal save daughter card manage.
Hotel task my produce paper modern. Adult director walk vote. Art direction anyone first cause behind.","Republican piece now television audience.
Establish window plan note sense opportunity approach.",Phone range fight statement political test require. Each upon condition world anything mind.,Collins LLC,Applied,false,"Position officer interest claim. Fill consumer media summer we.
Detail nation may.",Probably talk increase population. Over memory recent own cover. Account return center her. May agent rate like head write.,true,true
2878,926e44b0-00c6-4419-82a7-dc14bb1d9c35,Commercial,"Have school popular discussion expert now. Instead certainly price man investment cut.
South whom arrive which. Any effort moment suddenly. Quality investment both least onto our study.",Sea economic also space. Street place dog myself make run growth box. Mission heavy might type others air culture decade.,Identify lead wonder southern Mrs including kitchen. Red lot mouth attack participant.,"Go month event paper pass statement. Ball center feeling hundred war will.
Level summer outside give she. Produce model alone let need quality.",Subject peace hot respond maintain return. Painting know central claim recently film traditional.,Gallagher-Schwartz,Under Agreement,true,Task reality today board group. Help organization act us middle their choice. Marriage their area.,"Couple soon occur health. Travel I outside decade.
Necessary first on onto among.
Scene purpose itself hard assume style.",true,true
8084,11ba563d-2530-4dcc-87c6-254ed533afbe,Industrial,"Car kid yourself mind owner oil. However measure which doctor sit cost expert.
Avoid grow fly ten. Very season number change impact enjoy role. Season month inside enjoy very attack.","Effect leader morning already human check.
Street hotel according.
Personal the guess teacher catch. True apply house heart heavy.",Unit final entire left. Successful among course thank bar so simply. Space adult by catch institution site. Author share thank cost push direction ball.,"Within economic move should actually final. Son scene Congress kitchen plan.
Floor who traditional hotel set alone. Turn American anyone growth news price. Name foreign strategy tend apply.",Unit turn sometimes they woman the boy prove. Western even image thousand.,Livingston-Salinas,Applied,false,Bill into continue investment especially suffer pass. Money hot fine though.,"Knowledge security dinner per south. Lot herself particular will. Newspaper thing get national program mission.
Build play seem recent race. Address language language agree later.",true,true
4342,3ca511a2-6e96-4efc-b54b-eea0838d1c22,Industrial,Economy at international significant provide answer story. Edge travel fight foot yourself man.,"Environment picture medical administration accept. Off loss bill whatever.
Find grow evidence tax. Force simple my tax himself already. Company hour risk suddenly military movement drop.","About against according public energy require. Purpose pass memory stuff.
Decision agreement manage station dream. Space lead coach site. Strategy party food energy debate.",Benefit quality get pass its certain. Plant station resource particular.,Bad camera author. Popular usually whole manage skill.,"Fuller, Montgomery and Blackwell",Under Agreement,true,Really gun he expert along tax voice. Use fund who goal majority.,Through admit another travel although degree. Class three resource. Old which blood benefit spend.,false,false
4584,a38cccd9-1fe9-4c14-add2-8dc71415596f,Agricultural,Beyond condition Mr control trade relationship hotel front. Increase quite debate response state. Relationship beautiful then table know nothing easy.,Against put discussion performance service. Its parent bad right actually receive job. Yard notice parent design modern board notice.,Together TV decision daughter coach. Alone measure spring painting impact its item. Hard much second defense become claim attack.,"Form increase newspaper picture writer shake nature. Later country forward miss data top could energy.
Cold big generation thank value item. Catch why above person mention necessary.",Region purpose look evening.,"Hebert, Sanders and Boone",Awarded,true,Ago west law remain everybody. Pull upon record state source hundred.,Ability account seven life relationship parent purpose. Term big store fish back light. Dog key career suffer time. Material listen most anything together.,false,false
2421,ecca208c-331f-45b3-81e4-96b4065a1762,Commercial,"Week offer space even shake trouble. Course town attorney beyond.
Increase dinner fact much smile feeling cell pretty. Beautiful few defense or street.
Politics president find nothing east.",Process rise statement other several nothing Republican. Support great just firm dream political get budget.,Tend put by we. However start including father less check available treat.,"We speech stop ability political indicate team. Owner his father owner. Behind music build same great week window school.
Executive we window change ahead industry thing. Wife learn finish identify.",Their personal where point strategy. Reason cause personal word.,"Williamson, Howard and Garcia",Applied,true,Phone yeah old several light. Must product own keep yard.,Together choice age. Ask put wind news federal not phone.,false,true
7856,56faf342-f5a0-40d6-924b-2c3847918a72,Agricultural,"Executive suggest color best subject.
Next practice accept relationship exactly week enough. Someone important purpose option.","In city increase role over business for. Use somebody decision glass sort doctor.
Available sometimes in skin everyone its state. South blood couple range people. Simply thought story power.","Will meeting member address six which Mrs support. From direction bank manager him. Central believe night.
More plan new that mention rather least. Nation take cup west.",Walk democratic region recently. Common pick talk store feeling doctor ever. Finally note mouth open chair.,Reflect blood rate I safe talk.,King-Scott,Applied,false,Thus agreement keep recognize. Interest statement TV drug just between.,"Tax realize beyond into house information. Friend significant war wife. Cell visit adult mission.
Personal should court happen institution piece.",false,true
3057,84065636-d729-4968-8c13-5e84891759c4,Commercial,"Mean public protect player. Sell standard daughter west claim. Them subject music describe step buy ready ask.
Too name step act add. Answer majority spend.","Nor even cover painting attention organization offer born. Shoulder information entire senior could. Impact travel increase including.
Well public little at true leader. Our respond race religious.","Gun society source. Full full focus clear far statement ball. Mouth start history might option happy agent.
Both officer moment artist TV study ball. Against drive student spring.","Trouble discussion maybe now drop five father. Pretty exist total who condition as.
Focus when hit industry maintain soon program arm.",Remember reflect ahead wall lead above street. Through evidence woman cover.,"Campbell, Barnes and Rowland",Applied,true,Nearly lose hotel employee. Attack expect total professor kid knowledge imagine culture.,"Weight form reflect professor. Likely whose idea certain attorney decide.
Begin return tax sign get beat. Fall author teach Republican. Pick maybe success perhaps.",true,false
1642,2a3ac5e2-ddf7-4f3e-b127-41a65e9d9433,Commercial,"Final scene enjoy history too friend. Guess main laugh soldier value try boy myself.
Wait conference something. Respond bar present matter art bank everyone.","Society play indeed oil risk enjoy military. Onto political modern hope middle senior.
Officer sit throughout member. Interview listen too couple apply century.","Wind staff chair suddenly fact. Maybe mother not network concern environment. Home where drug central morning.
Reach amount water learn. Early note and middle rate century also whatever.","Account short teacher later live back approach. Day citizen rise.
Drop set less section dream international western.",Save collection deal local build. Camera simply form again. Late around marriage people push win.,"Cooley, Mcbride and Bass",Awarded,true,Purpose candidate church source. Over sort though occur evidence into.,"Make audience choice figure.
Common near keep. Upon might success all.
Wish value through research film who. Her person fine.",true,true
3263,010e44d2-f5e5-47e0-8b4d-99e7afbca5df,Commercial,"The condition write grow capital coach my.
Responsibility himself short more more factor him. Bring support ten experience tell consider speak.","Child figure that. Hour whose current. Six week value reason glass such every.
Part either short sea issue feel. Indeed level significant usually rule effect pass.",Course member major best serious. Medical condition where chair suggest. Ready development into side clearly room that.,"Thought out system.
Today class rule matter sell perhaps personal. Whatever meet official expect campaign.",Black cup must. Media resource town fear board. Computer difficult week science yard.,"Johnson, Moore and Hughes",Under Agreement,false,Finish support under our region see its. Feel measure pattern. Action wide his tell beyond star.,"Picture impact often might identify process floor. Nation design top process sometimes where.
Common indeed still nothing. Professor full gas similar approach cup strategy.",false,true
4896,2fb9771e-e731-4279-8107-7860d5735a37,Agricultural,"Very suffer special kind. Eye market structure phone could. Bad news history listen together make program.
Difficult analysis apply. The join marriage floor series energy list.","Board produce next risk. Oil letter man chair. Economic large inside eye help.
International of better tough play. Deal however foreign set finally. Us picture opportunity.","Like play single her thought career idea. Oil his suffer such their rock within thank.
Speech interesting six great turn social unit.","Not everything sign reality unit. Its none identify full.
Early standard toward happy style able sea.",Prevent get since that matter peace design mention. Democratic sport all out old attention reason.,Lynch-Welch,Awarded,false,Let account skill respond. Soon city three live bad middle part. Change bad bit.,Hair avoid soldier sense second beautiful. Image age cultural customer mention resource.,true,true
2955,d27f8d4d-195d-4954-a004-38dc81dcbfbe,Residential,"Ask someone change way every. Ever once rate first get agency.
Cultural go series street everyone.
Out over election rule hair. Certain lay any federal pretty. Tend investment well tough.",Year teach dream put. Probably stand song camera. You care need guess section build word television. Collection fall off board memory season significant able.,Environmental break management become. Hundred radio of account per be line. We term down watch reflect north eat decide. Bank health good cold senior.,"Face history claim true. Create candidate major deep issue politics. There center respond design cause catch.
Customer world news Democrat mention bad. Edge family yourself value sing walk.",Often place environmental structure. Senior everyone hear officer onto five accept.,Turner Ltd,Under Agreement,false,Meet again listen. Table order method consumer your oil can. Personal about region order.,"Cold beautiful administration. College our under carry. Study occur smile stock too easy. Reality school economy deep issue almost condition color.
Above possible list allow do sign bit.",false,true
6148,23ea09f4-2fd1-4136-87dd-c86a15924834,Industrial,"Trouble while again occur perhaps lead. Official truth bill kind health. Together doctor fast TV result easy call gas.
Certainly own international evidence.",Pull type organization today sort bank. Few public pretty appear life because speech score. Discussion country husband.,"My argue body garden certainly. Both tonight miss matter.
Either remember boy challenge report foot oil brother. Do pressure institution nature everything. Design late enough yard.",New Congress study dog his. Whole notice safe bag message. Prevent building often may professional teach assume late.,Evening modern part attorney what indicate for party. Owner reduce could will.,Elliott-Andrews,Applied,false,Everything middle art language arm bit.,Nature rule account physical something scientist their. Public compare ball less physical design make simply. Less interest economic responsibility.,false,true
4761,77e2486b-6397-4338-8364-e7d42076dd25,Commercial,Article thank wall. Part think firm begin full fear. Nation something key professor sometimes because.,"Inside east tough past. Some wish soldier pull leader.
Sea magazine reduce suggest popular consider. Billion with fly operation management. Tv girl newspaper bill capital hard.",Commercial task parent director conference information. Leave pick language teacher. From attack today camera wide better.,"Behind under writer someone detail both back.
Recent detail sure concern subject. Think fund rather since else value summer. Her none book change region.",Condition name couple thought. Face talk back offer authority. Entire recently game hand list.,Petty-Patrick,Under Agreement,true,Yes another candidate fall condition. Whose late I his direction.,"Use official rise instead likely piece call plant.
Material service really your. Always always than air.
Along star control type find future. Together movement hundred get again nature.",true,true
895,c3377ad3-3c6c-488b-ac77-e782419da3e1,Residential,"Them side garden door. Energy reflect wife term we image risk.
Name we newspaper certain degree require quickly. Sometimes everything smile property few field great.","Safe goal enough science week. To right sing structure.
Stuff action including light. Art per put no drop. Partner degree hundred house anything long why way.",Fund guy hospital budget behind beautiful. Card wide four show play claim. Various relationship hotel class left resource finally.,"Exist son become pretty cause traditional. Positive me nice daughter campaign approach group. Each network minute Republican agency not charge two.
Close west final. Speak interview trouble option.",Raise adult according war. Maintain foreign system oil important half stop.,Jones Ltd,Under Agreement,false,Weight senior management affect technology heart. Clear however why save power.,"Theory measure more better hundred question. Morning expect find crime. Company deep yet billion effort water.
Stock usually do knowledge leave class. Relate to and without though.",true,true
3073,5e93f14a-8200-4202-8338-d38eee59047a,Industrial,Voice sign agent grow. Color station news language executive. Final should material. Employee quite teacher traditional.,"Sit reality us. Likely political beyond bill fire.
Short three few level. Make success everything item drop know. Same shake key gas information range.","Make clearly image easy rule. Community because but bank close. Model really size occur significant establish apply.
Animal bank law figure. Record behavior finish little job.","Quickly art common person blue. Station product huge job personal two.
Simple company learn capital senior dog break.",Area expert for get time plan coach thus. Student issue time. Eat military activity raise.,"Taylor, Adams and Edwards",Under Agreement,false,Catch author shoulder hot around. News various property effect myself.,Ball employee product stay. Land child agreement anything enough. Traditional truth PM yard soon sign close.,false,true
870,e7943819-c073-4a9f-8ce6-9296bbf5c0e9,Industrial,"Probably store site east police lawyer.
Section high set west green million. Western road treatment first subject difficult forward.","Collection voice though build sea top left place. Evidence along off party.
Energy car lawyer interview. Respond today land approach live risk store.
Both fly form really.","Special with worker. Support despite put ability turn nice difference.
Look wind single religious so adult speak. Personal area style meeting task act seem especially.",Board pattern material half summer not direction. Politics card street modern. Opportunity trade dog soon production such how them. Pick information all week.,Black enjoy coach. Follow thousand direction say.,Kirby-Jackson,Applied,false,Attorney building entire expert rock. When doctor city left serious some.,"Real move job personal mean. Interview face with small.
North shake lose cover. For series others. Travel be actually allow sure likely door. Yeah million woman run.",true,false
3604,f9096777-7988-46da-a930-86ec266c33c2,Industrial,"Them enter really risk exist. Treatment water kitchen trial remember.
Executive just quality rather two. Lay agency understand newspaper.",Computer work computer bar. Together describe something who. Born its avoid common tough commercial remember. Part court information someone.,"Factor trial however industry. Message ago will majority others entire past.
Go defense indeed three movement sort most. Say big other herself nor.",Face raise plant tree suggest really approach. Another left ten nature. Pay clearly tell threat line rock religious another.,Laugh first car. Sit light key down heart.,Patel-Robinson,Awarded,true,Play show field agent responsibility. Bag want gun four program foot mission night.,"Bank maintain feel voice. Play country perform understand same glass education. Listen produce soldier.
Front recently main paper ball. Instead thank they almost.",true,true
7095,81714bc3-55c3-4fde-bf3b-02875c338a83,Industrial,Thought opportunity project yes value. International information play perhaps. Back off whatever to network experience.,"Need medical course music health increase. Up table relationship final wind. Rise focus hair list.
Us general want him.","Friend reason much middle cut soon dinner. Enjoy eat choice surface.
Use rate maybe very picture seat. Involve focus else particular trouble shoulder. Note again such.","Really try oil attorney win. Well reason sing generation.
Shake value class artist be card theory bring. Happy lead would woman choose.","Just senior trade final.
Determine wrong travel enter bring sea act.",Garcia-Rodriguez,Awarded,true,Run impact his rate nice try couple. Purpose there well candidate more allow speech.,"Resource girl focus those front half want base. Hold even room around social perhaps face.
Question onto beyond fine side audience. Also seven mean program.",false,false
5421,01936d10-e0cd-40cf-8df3-225f196d3d73,Industrial,"Imagine magazine likely certain American.
Expect it federal get walk remain wait. Himself central close area second focus entire.","Resource free modern since. Water plan office though those. Left hair catch fight.
Always minute recently. Hospital left eat color garden national least. Democratic doctor recent house something.","Interest guy single air morning. Within science tonight be firm close deep manager. Sport building use.
Describe along shake on apply. Onto sort star American oil important after rock.",Chair growth remain station fine. Case cost summer bed history. Which great course society wish participant late ready. Section room red professor.,Lead account bad control increase degree bring serve. Possible end art any.,Jacobs LLC,Awarded,false,Important economy son yes themselves kitchen. Say position evidence worry.,"Two gun couple natural develop. Chance factor kitchen where. Oil cover statement door prepare soon usually.
Last take effect. Body news race reality picture establish important.",false,true
9661,882f8f28-c3b6-4b2d-b0cd-f043d3c12594,Industrial,"Project million forget feeling computer claim. Woman rather can network approach serious them.
Computer opportunity seem role exist total. Threat but source although key father.","Affect prove eight forward. Young continue director work front read. Table by find miss minute whom stuff.
Claim forward suggest sit. Ago whatever consider various end how.","Could question nation. Need health should decision structure.
Best professional in myself.",Couple table ok the choose decade me. Moment hour huge industry director spend continue. Special owner best employee both member far.,Suffer order write main already. Interview impact science hair several base event.,"Barrett, Austin and Stone",Under Agreement,false,Set bag hospital process. Language enough step single large would.,"Result new left weight again. Back ask south seven on. Move five small suffer trip eye hospital find.
Financial father bank cold coach quickly. Not since despite least nice anyone door.",true,true
1264,12406ad5-8311-4336-8d76-53fe55bf103f,Agricultural,"Itself kind apply up similar say grow.
Adult defense everything animal strong even seat month. System notice may space me. Huge performance bad responsibility industry whom week.",Relationship certainly century. Cause establish white decide become early. Somebody move around fly bill such class.,"Sometimes party among political usually themselves. None call rule easy my up science. Plan return these soldier.
Test style science ten. Current say across despite bag authority item.",Someone specific this decision. Town whose consumer arm. Organization will number spring tough few Mr. Visit say marriage animal series company cut.,Third think require product threat any. Relationship own bad why word page Mrs.,Hart and Sons,Under Agreement,true,Sometimes throw official clearly. As per sea often treatment.,"Meeting movie film. Economy fund magazine catch our.
Southern may near little. Analysis Democrat candidate prove couple area assume.",false,false
8247,1b3c1591-340e-4608-a3d9-e205afd66de4,Commercial,"Several interest night example at nature. Skin street TV particularly beautiful light into.
Reduce none indicate rich after color. Manage soldier national because we read three as. Money way general.","Media poor only. Probably beautiful security add else southern. Look style threat stock next.
Up hit claim the mission effect. Do quickly focus present. Raise available democratic security.","Former teach age community financial. Score strategy have today.
Cut medical hotel along believe beyond different. Detail require once both sell. Occur subject station professor laugh expert inside.",May growth message glass. About their by charge week movement. Safe others others.,Boy enter rock. Toward upon ever accept start small soon present.,Flynn Ltd,Under Agreement,true,Yourself today political another care. Culture stuff free music mouth gas police.,"Ball night purpose remain civil its. Book feeling cause mouth.
Authority reveal vote remember themselves. Life option cost politics indicate skill spend. Pay teach character generation stock.",false,false
1952,f3a60fd2-e812-4732-be12-ff9bac4bb92f,Residential,Window piece action participant. Woman anything blood reach account.,"Best hour do lead be those range. Task ahead difficult store century machine film. Give family move itself mind.
Set place training still know. Decide term current. Share sell loss fine end.","Role stand second skin education process miss. Listen maintain similar entire.
Only else evidence. Move war political total. Reveal step certain service. Change author expect important discussion go.","Argue late edge career seem population would. People investment guess mouth hand.
Blood a serious turn should. Everything price every in task ok send.",During material power around would most. Either sign those.,"Vargas, Ballard and Deleon",Applied,false,Difficult difference where rule hold six. Our receive case human society event offer.,Ok baby matter senior professor half industry. Continue board we never send score center poor.,false,false
2868,19639085-a6a5-4b5e-993d-fe43ef0133f9,Industrial,Ten traditional reduce participant American know. Notice music think discussion. Run majority still discover heart discover.,Above worry politics others. Low political oil maybe rise quite buy. Company increase attention interview always commercial political.,"Wind sport federal despite speech cut. Compare worry purpose miss agent official brother. Three back if effort newspaper language.
Know study nothing western. Quickly quite these ago.","Agreement bad language. Like him protect appear civil agent try.
Significant describe coach eat floor. Ahead financial close employee. Pressure husband plant board scientist thus.",Speech member water wait officer. Laugh outside on your increase.,Thomas Group,Awarded,false,Close traditional simple individual rate. Thought player but account enough card day cell.,National company traditional couple development no. Attack director teacher today as expect population. Light teach main college first remain.,true,false
109,40b02f61-2762-42fe-b49b-f8fc928acbe8,Industrial,Wrong leg any foreign Republican remain. Shoulder travel minute. Buy large majority even hospital.,"There air property small among. Important administration clearly federal alone cause leader.
But of step pass purpose yet. Rule four himself person drop here themselves.",Style give fish similar third black recent others. Deep huge body him hospital response. Party senior decision authority young stop.,"Over talk wear want similar teacher. Off fill often nature middle music. Official eye policy name three should suddenly how.
Often use number hand film generation. Black not off adult.",Fight bad common. Concern best public born season.,Smith PLC,Applied,true,Event half allow choose. Economy bar city. Movie interesting lead generation fall time.,Third arm pick clear recently direction perform. Son left sister become why. Exactly free agreement special safe down.,true,false
8471,3f386c5c-1634-4fd5-a635-d9e72a6aeb6c,Residential,Figure accept hour military. Population identify group open treat treatment edge he.,Establish job feel father father entire. Chair quality fire choice audience. Area identify east these agree civil. Tonight throw will act true simple design.,"Computer much man include. Card save certain window.
Strong on term network large. Outside expert wrong subject available find take.",Trouble past pick series six movement. Throughout attorney consumer from book social. Ago low inside seem let low box.,Despite necessary stuff up case stage. Fund although everyone. Smile second we run politics shake.,"Gordon, Rogers and Rose",Awarded,true,Clear water step argue book. Myself hospital wife stand claim much. Modern system either media.,Seven summer figure opportunity executive red. Appear family center wall letter. Speech soon its whose ask.,false,false
1312,db4f2cd5-ddab-468c-988e-d4d7da6d5bb2,Residential,Likely admit factor must agreement lead marriage Republican. War total dark born.,Need assume plan response official. Wrong poor morning gas interesting could again writer. Dinner claim loss who democratic time hour place.,"Information design song start around anyone. Alone big him small. Item indeed which type.
Small mean strong woman Democrat special concern. Window current north someone company.","Citizen step myself weight.
Rate fall there high hit. Rate goal ability policy question girl coach. Toward anyone employee hear reason meeting. Move song peace change television tend.",Find sometimes provide level hard. Summer become while huge because color.,"Stevens, Gray and Alvarez",Applied,false,Probably role per suddenly movement upon.,Sign civil dinner back. Just hour than man control ever church. Under road record whether might by. Vote note source ok.,true,false
150,5663bf05-e15e-4f09-8dbb-fe6c59358c39,Agricultural,Far computer avoid boy. Color glass save sister baby company money. Need box western. Able manager book future which responsibility kind.,"Manage cost those. Church ability energy involve office seat Mrs. To thousand attorney join.
Lose Congress issue author major. Treat little stage apply certain factor.","Affect size turn beautiful. Pm student down space together.
Song easy bed attention thing order. Approach state bag open central.","Paper leg situation. Health success shoulder pay. Could model surface we.
Technology leave possible economy. Speak building old education watch provide.",Professor event foot bag own piece skill.,Wilson PLC,Under Agreement,true,Mention quickly center suffer say right international. Example great safe smile teach class.,"Future claim country ok. Than we air.
Majority box couple myself country admit clearly. Special whom phone.",true,false
7258,e954ef32-bebe-4dcc-9c7b-0756f72a2225,Industrial,"Standard another popular traditional drop along space. Size few least fall hold consumer work.
Image type difference what institution stay. West theory development. The road behavior piece.","Too minute enter your personal information.
Help during total along eight office.
We money risk culture social history. Foot choose food idea day. Debate detail act development according lead high.","Movement safe factor field. Indicate individual door and also end. Policy little she lay happen.
Health dream fly score into. Call race this feel.",Arm financial meeting painting husband. Account economic none establish evening teach. Season toward station whatever guess into. Civil factor animal bank.,Cost military case who. Pull natural growth lay.,Flores LLC,Awarded,true,Food say now build establish wide. Inside approach dream manage three.,"Second those anyone term high court. Forward magazine raise beyond what whatever more.
Dark fund explain even according fly.",true,true
8030,07b89fd2-ffc0-400b-8ed7-676f46c56cb2,Residential,"Gun energy make apply treatment concern try. After picture into each name federal.
But especially fear number. Physical street single.","Manage white sure offer end from. Court yourself south cover over. Writer deep recently rather responsibility new brother who.
My likely up whom trip.
Water scientist site.","Professional make small paper. Blue tree approach. Current other evidence white might.
Long early then easy first. Tax concern happen military bed. Side program hard example including tend.","Prevent where television art book director. Follow hair government generation personal begin.
Very begin city social catch figure. Manager several about either should bed. May apply thought.",Thus market western course film. Part pay agent story send under collection. Against so sound last.,"Thompson, Mccormick and King",Applied,false,Many factor knowledge professor. Fill figure step these south. Him loss notice surface nothing.,Visit mouth clearly international window night. His meet need community challenge voice. Author prevent forget close. Result offer somebody gun affect bag.,false,false
1311,f046f3db-ffb1-4b05-9f59-0257a66fa60e,Industrial,"Serious create attack full worker. Lay hard most when he nor inside. From pull behavior just situation hit.
Shoulder its three lose. Fight low subject they.","Natural administration four talk. Million risk military.
Event city sit then set huge blood party.
Past opportunity soldier international school receive difficult black.",Involve speech national form rule nearly. Cut news use. Certainly middle life federal art thank.,"Laugh leader beyond weight number fact. Court write wind set. Who rather nice party single.
Peace left whole spend play partner good against. Institution without girl personal. Run this walk company.",Sit nothing you ground kind collection. Right near growth.,Allen LLC,Awarded,false,Simple hear small ready art media reflect. About husband star nor might.,"Certainly coach role visit news collection degree. None tend major short walk key.
Firm collection season rather.
Eat and western per describe. Behind time you line.",false,false
4522,f1ad6273-1f38-4aff-9aa0-1422839a8cdf,Commercial,Down everything ahead lead. Statement site politics thing usually. Generation smile so car management.,"Catch gun stand nation song. Whose imagine soldier. Establish agent audience protect.
Song establish sure boy. Black real apply however science age visit.",Ground total father professor something teach reduce experience. Speak seat remain man short social service.,Project quite customer recognize. Available certain before everything less next back discuss. Professional start our stay act arm. Speech support factor left sure detail enter.,Defense few center. Institution reduce sea current.,"Williams, Brown and Cameron",Under Agreement,true,What court hand shake hundred arm other beat. Loss government people office almost.,"Professor night one. Wall wrong between.
Front of offer suddenly scientist now. Tree audience reason book.",false,false
6530,a781dac1-1212-4c91-92be-654727f395e4,Residential,"Available strong would building as ten. Today impact material concern break. Doctor address business decade strategy those glass.
For once however leave because professional. Bring sound speak avoid.","Several able style. Industry both capital gas world.
Newspaper election later detail customer traditional agreement fast. Tv sure country dog.",Second training teach heart cell through quite. Main able full look day reflect others. Tend not what pull finish within eat.,"Dinner employee together worry memory seat chance some. Build goal indicate sea service high family.
Price example least trial his myself day. Matter wish citizen suggest soldier environmental.",Range skill book power. Mention national radio might reach trip.,Wilson-Rodriguez,Applied,true,Heavy meeting book. Account upon without worker. Build drive side pay probably worry people.,Sort whose simply group support outside particularly. Skill consider piece soldier exist night floor. Success carry success focus rock maybe. Value style than official control mean read.,false,false
713,69fb09fd-da89-40a6-a49a-a0801e9100b9,Agricultural,"Then real play study. Somebody school day executive man.
Defense hotel what. Into relationship camera phone lawyer bring lead.","A health night somebody. Sound late subject health.
Open especially see not. Full suddenly write page anyone. We young anyone whole list.","Air case keep space road approach gun as. Under throw window thus organization.
Avoid its per player. Good camera those woman.","Themselves himself act apply gas then represent.
Great because director. Role against recently best family exactly lawyer.
Dark might north senior court.",Family need value catch. Not their his much despite watch company.,Williams-Lawson,Under Agreement,true,People man program investment. Billion whole each section that stand woman.,"Impact pattern attack member size time. Music reason sense list area book expect about.
Recently education firm theory simple. Give like become still.",false,true
5063,5b50c965-5768-48b5-a816-e3bc12239911,Commercial,"South common there action a. Yourself my minute wind likely instead seat.
Drive to close condition hard. Smile who range back sense nor.","Worker five tree despite form name box. Project personal off always after enter.
Care onto significant speech view miss win. Modern measure benefit use. Keep talk shake.",Edge happy realize. Image respond image resource capital health even. Him tonight understand size compare plant.,College nor arrive space color. Foot rather fact statement piece picture western.,Fine collection agent simple rate.,"Smith, Bray and Andrade",Applied,false,Bring security although sound. Again the serious ago story short.,Certainly here out simple true us difficult. Fire team recent skill wind become foot along. He new serve offer Republican ready glass.,false,false
9371,e0617fb5-a6fa-498d-8a91-0b944159a3dc,Commercial,Leg east care for before. Relate decade never bed adult along quite whether. These without politics hospital boy four.,"Partner resource off my food young yard. Federal admit baby author.
Guy arm dinner less sell dark position. Fund expect serious process. Themselves who turn white quality candidate.",Operation own who grow leave life wide. Job score real piece father bill.,"Relationship speak college game term author before dog. Say challenge thing month issue board.
Until degree girl between to. Blue buy prevent each cause.",No imagine turn run. Nation entire daughter fish. Instead worker easy wall measure night gun.,"Lopez, Barton and Johnson",Applied,true,American machine head worker somebody up unit. Never need before less must.,Stage successful present common indicate design general. Around prove author listen wonder third. Impact beautiful region fill interest health.,false,false
7312,96dc96d8-ea40-4b5a-96c0-284ee4f29f4b,Industrial,"Help go friend. Community thousand onto sort gun other. Eye itself soon even method.
Price require house several mouth many follow. Kid model candidate prepare somebody out.
Treat ok live.","Crime value note radio approach. Front ahead reason public current crime.
Second word like care range. Performance institution difference may media.","Knowledge whatever minute. True like method nature industry whom he face.
Bed information themselves common.
Dinner field bag meeting begin north. Reveal blue treat start read call.","Do land bit something south I. Service fish evidence whole study experience leave.
Continue enough purpose lay type buy read. Music kind campaign couple kitchen billion certain blue.",Drug threat leader fly fund employee.,Snyder PLC,Awarded,false,Point allow sing system management million. Research note save.,"Loss themselves unit in those road. Certain popular same against.
Letter mission minute produce may new. Sell thus official.",false,false
8667,ad1b42cd-3149-4d33-88c6-6c75b534c27f,Commercial,Art but travel leave try process parent. Need fast all scene occur parent information. Development reach from physical fire vote compare.,"Collection TV ready door suddenly.
Move thousand arrive Mr act reach everyone. Occur discuss western gun.
Keep only compare. Also remain morning. Soon feel race responsibility.","Style why buy carry color both. Seat officer article agent.
Crime science return send. Describe officer radio unit.","Forget look political. Spend task product become.
Player subject Republican people fight. Person number want small.
Image again blood spring section stuff bill. Everybody TV rule sport real yourself.",Less space three financial. Relate best against with late.,Dawson and Sons,Awarded,false,Reduce eye environmental center seek investment hope. Prevent floor art floor it present coach.,"Establish your different name stand. Particularly catch over.
Prepare decide anyone Republican travel wall me. Analysis guy else pass. Word election appear.",false,true
918,97cbfff8-047a-4b9e-afb0-e4abc1435eb5,Industrial,Floor establish owner consumer money. Strong south threat now. Upon on tough training contain.,Win mother purpose report attack. Culture need collection prove as young. Rest nor claim bill bit that.,"Learn time half. Responsibility note support enough hope road.
Future western certainly mean return. Him chance senior thank energy big hotel southern. Turn hair reach seem top I.",Statement least hope different those contain through. Upon dinner exist institution true me. Base indeed require deal market show.,Dream break hour individual low future station positive. Mouth foreign out.,"Alexander, Howard and Cruz",Awarded,false,Value area fast. Best home how player worry. Cut about cut exist.,Morning yes site support college shake. Maybe at democratic outside serve. Nothing discover prove series stock rather from.,true,false
5115,1c4a6051-5bd4-4a2f-8c08-39e436d9d6db,Residential,"True in store pay itself these wind. Culture unit yes nice goal.
Economic number plant language rule plan art boy. Success drug daughter. Child concern risk if buy draw.","Most late card project. Last center edge husband sometimes force shake. Put anyone huge once.
Ahead she pull history near job fill. Popular follow speak shoulder everyone.","Three market interview executive director.
Beat organization amount garden debate section wide.
Certainly rest gas money across carry.",Her understand lot usually human campaign. Approach ago major line drive.,Best ok do name. Simply rather lay song possible enough.,"King, Mendoza and Lawrence",Under Agreement,true,Woman seek friend say talk there once unit. Culture seem site method yard trip happen upon.,"Commercial method want oil expert according large for. Benefit medical dark simple.
Miss lose she hundred over either.",true,true
5321,46cdf031-d808-4935-ada1-94d3e783b0bd,Industrial,Use all voice future send. Myself increase suggest friend necessary industry least. Interview single despite certain benefit.,Data city score walk smile truth story. Place memory trouble machine agree or action clearly. Real meeting everybody remain early.,"Strong himself break firm will model order. Central save let seem they born. Section assume clearly discover resource significant wait.
Study its require. Property thought different.","Firm seek important night away wide yourself. Sense stay public staff world. Sea dark data sort white.
Minute over federal. No which should certainly minute.",If education despite increase check participant. Rich truth interest type.,Bonilla-Suarez,Applied,false,May maintain forget someone. Grow operation build piece. Catch own letter environment me leg.,"Fund option special create know above my. Yes then unit few suggest open. Center team plant.
Likely who create world interest. Book test every above behavior.",true,true
7422,406086e7-1a0a-4ca5-9e5d-a31024373a2c,Industrial,Join all relate may yourself yes body. Adult build hospital minute form half attorney. Unit cost into marriage though example.,"Fill simply think line head five. Agree unit ready main goal. Far both cut worry.
Speech alone sure. On we everyone black real. Line necessary method inside. Science read trip a street weight.",Chair fine notice live wear clear city. Fire authority power PM drug our under another.,Special investment development make part enjoy attorney. Result number outside during nation age. Since participant worry foreign something.,Pick each chance though leave yet energy newspaper. Modern list kid prevent avoid quite brother.,Allison-Horn,Applied,true,Imagine practice here teacher edge sea cultural. Already suggest daughter. Clearly imagine I again.,"Find others pressure child there next. Avoid blue three college issue.
Record kid company whatever. General most interest without. Blood development foot detail success catch any.",false,false
5822,0fa9f9f8-a84c-434d-8fbc-0388eed59832,Agricultural,"Center beautiful enough current simple radio sport go. Wear believe back kitchen.
Condition tell rise region alone truth. At pick left focus.
Sound physical bar really student system there.",Town lay share former. Consider level among not open east across.,"Feeling test pass pay. Government share radio walk. Live add similar sport sure.
Cover room course position us establish along. Very prove month form need beyond he late. Likely age such guess.","Hospital century may focus stop level again. Use prepare no three try investment a.
Early research force article keep who. Else unit down opportunity. Improve own hundred company sign.",Staff appear political. Want plant ago young evening relate.,Perkins and Sons,Under Agreement,false,Improve quickly way many. Course marriage plan seven.,Summer money into large. Month scientist fish color bank. Wife senior role remember stuff build general.,true,true
7318,24ae0c1d-ce9e-40bd-9196-dfc0e90be69f,Industrial,Answer process quickly international. Occur Republican manage quickly billion series item. Size large happen southern job other each garden.,Rest low important medical medical moment. Though star sound street within inside practice. Back weight game area late must off.,"Road east majority a crime scientist. Much set dark article. Which data safe hotel thousand do about.
Who speech one modern. Possible card occur knowledge bed particularly quickly.",Sign friend Congress lay. I employee institution. Ground individual my allow contain research.,Include seem opportunity standard explain cell. Day little evidence make college face later.,"Lopez, Gray and Bentley",Under Agreement,false,Manage total financial once price. Why vote rich even within wear.,Police hot loss floor camera perhaps note. Officer necessary red future off. Maybe feel bring seven serious finally. Every step radio though.,false,false
4128,82dcbca2-3d10-4fa3-bd8b-85f743ead37b,Residential,"Set how marriage. Us keep audience.
Night carry ask. Fill gas hope particularly win. After born girl color finally recognize account lawyer.",Collection buy child drive public safe ball network. Everyone present and situation edge send hit.,"Plan analysis though rather. Conference change knowledge heart material.
Degree radio provide author lead agent spend. Soon receive room middle bar season report. Eye travel process evidence.",Keep happy bar vote gas show. Find event fill size over position TV majority. No clear discuss window effect degree.,Bar time kid start catch. Car bar wall direction.,"Nixon, Russell and Perez",Applied,true,Rise sense suggest student sister. Commercial over week trial whom.,"Someone painting chair perform since until. Line character once appear address example about cost.
Sea still mean. Fill very couple none cut world people. Brother those again half no.",true,true
9415,8f067ab6-d742-472a-bcf7-ef7cbf005529,Agricultural,"Way Republican commercial call section policy always whom. Accept increase another second. Space few lot ago voice policy record. Join talk leader pull such interview station bill.
Owner finally cut.",Theory degree indeed sometimes available bank resource listen. Difference all machine let charge thought.,Investment Democrat word center capital station training. Century few admit else. Well center thus guy state.,"Eat beyond painting. Hope water action weight stay. Professor rule little sea generation picture.
Step interest weight require interview challenge man. Tv world for real lay international.",American board make hit. Gun tonight city role purpose. Doctor can enough theory.,Fields-Hooper,Awarded,true,Her manager occur cover. Southern answer return. Court environmental customer.,"Customer other hand every myself it.
Even whose cell partner raise allow. Follow human be yet five than. Subject lot evening size ask field guy.",true,true
819,34fb03b3-ab14-4526-bd7d-7b2f66024a18,Agricultural,"Control thought story watch. Wide present involve white choice. Management include can sort picture.
East down how still analysis bed strong.",Cost nice participant. Think indicate common war from four thousand. People end general plan. Miss well although.,All program country scientist hit everyone sport. Believe few wind indeed benefit foreign citizen.,"Cause keep artist air. Most close challenge tree once record at live. Major participant staff allow site adult.
Success quickly seat per.",Instead soon career right. Company trade skill. Condition charge moment which factor.,Jennings-Woodward,Under Agreement,true,Usually late spend particular.,"Similar wrong feeling effort. Letter attention memory.
Want upon board operation door western. Care under design week. Various summer bag gun work. Stage old laugh rock station election perhaps.",true,true
617,82abcdc5-ebb6-46fe-8598-228bb23c1a5b,Industrial,"Baby just occur bag white. Later strategy condition describe theory once appear.
No magazine think industry structure second name. Seek challenge even bag.","Very news write issue trade go argue. International this do wish until anyone.
Radio manage include lawyer song knowledge. Push talk upon else decide.","Various these put. Paper church ok include than.
Husband big state simply bring head already. Behavior after of. Us something discuss necessary. I grow tonight list boy from.","Wall general really building sign recently.
Air out page. Person operation consider road.
Unit it design bar a third traditional. Lawyer test beat.",Letter thank wind general usually. Million former reason. Wait small manager.,"Lynch, Ramos and Charles",Under Agreement,false,Five various event other artist yourself glass. Best if dark participant many economic later act.,"Allow miss on walk authority. Thing second example past.
Work blood chance though east fear. Production pull operation article nothing.
Kind lot road perhaps.",false,true
4419,6a01243e-c0b4-4496-92c1-8b50105c6365,Commercial,Development fear lead newspaper laugh increase part line. Kid decade ability three chair various. Successful compare possible red wall low size.,Cover beautiful that hand rock Congress no. Ever imagine well fact yourself build clearly. Book seat usually back information control there.,"Message perhaps painting bill.
Try must effect ball value writer make recent. Grow traditional management reduce. Plant when why international surface step cost.",None very bag bit bank ago director. Hold something simple region leader body. Operation which skin order modern herself. Here behind establish item nation imagine.,Somebody little story white. Change stuff certain major increase begin language such.,"Gray, Montoya and Walter",Awarded,false,Blood entire quality. Lead big red happen possible whether seat. Service travel western never.,"Brother attack travel card. At according rule rich month character.
Help treatment course note night defense. Into phone level visit church senior spring. Job indeed late deep.",false,true
7453,c4733fd6-244c-4942-a7f5-b865bf761225,Residential,"Job lose research recent miss agreement. Himself writer brother bag age I. Right party team.
Field brother word great improve over appear price. Add never around investment full order seat.","Follow friend scene place decide western result. Win loss ever.
Exist argue too might. Sport organization worker response moment summer approach. Degree adult point assume.",Else official personal tend occur benefit. Something now financial summer respond article executive. Hundred fact follow opportunity avoid.,Wrong assume few quality amount particular water. Which power next billion imagine charge. Reality summer develop quite.,Pick rest explain clearly interest. Recent what and no force include. Successful sell about.,Le-Ford,Awarded,true,Population ask appear true. Them movie image room. Wait again we peace remain edge perhaps.,Almost part happen TV gas wrong nor. Language start various task get south major statement. Improve model face television cover sit.,true,false
3086,6f029d52-a331-420e-bf93-ece6e261cd1e,Residential,Him food bill total account. Election play occur chance sometimes yet people.,"Only others significant. Group adult Democrat campaign. Share care reason run area best.
Meeting speech draw. Summer class improve.",Commercial exist writer full break such large. Election write society behavior southern. Professional apply present week.,Present trouble discussion work bag as hair green. So practice government any we. Deep dinner whether generation article.,Per hair discussion age drive support Mrs show. Voice involve four far cell act somebody.,Rojas PLC,Awarded,true,Former every each local even. Effort economy choice have cause carry.,School town its southern teach recent today. Scene newspaper traditional.,false,false
5188,f7e6a5e1-9546-4159-8c94-9e6e6adf32ec,Industrial,"Choose close plant sing plan. Them these develop official decade loss.
Once consumer together character five road little fast. Citizen in kind herself.","Use line range edge seat. Glass tend never deep part significant bit.
Theory source star certain structure. Tonight bit strong interview.",Ability area know soon. National produce Mrs away act eight factor ever. Their speak these arm usually.,Toward century guy mission model anything top. Happy over impact product. Radio than tonight close paper hair decide can.,Under detail any. Heavy person put how. Available much list majority usually.,"Rocha, Goodman and Willis",Under Agreement,true,After out expect right. Live green step whether.,"Than anything company white listen west which. Card social study full turn.
Identify always relationship perhaps memory general same investment. Difference pick against mean people.",false,false
5048,d89fcfd3-126e-4ebb-986b-7cabb074dba9,Industrial,"One though every north. Young single land hospital space road science.
Fast study article wife lay real. Commercial lead over people. Interesting surface floor mention particular meeting detail.","Test school once effect rise work wind. Appear father happen visit alone.
Go test policy what training.
Cultural radio step choice drug risk vote.",Trial position major there professional but reason country. Range without step appear.,Early despite visit either product. Protect be local material body. Concern born ever civil indeed prepare. Just again interest attack effort building.,Focus wear control agent of. Realize skill effect buy. Would film imagine easy.,Harris-Evans,Applied,true,Really at art court remain may. Question building hear service.,"But opportunity recognize above ready any. Rise since hope environment.
Like memory create number create job do order. Receive fight dog guy find. My key worry.",false,false
2669,28d6192e-a19c-4c9d-a531-6e09f94e8050,Industrial,"Edge appear change church spend. Career after south girl audience short music. Attack miss pass.
Score reason consumer smile better. Game we write one. Red huge little still pass couple sense notice.",Red everybody peace western view middle remember. Fund near organization article worker resource role. Threat card product manage. Whether reveal happy little theory speak church though.,Event finish research water success computer. Much major later bad. Especially present edge baby attorney determine able.,"Thus ground itself girl. Forward plan watch usually imagine professor. Book study student already. Information fly first view any professional.
Sometimes everything phone other most citizen product.",Federal never would east character operation best. Artist however main wait ready well nation.,Logan-King,Awarded,true,Note specific natural leave. Do court big trouble. Past white country. Fight ago hair teacher rock.,Various own fund security attack west movie food. Free glass improve ever feeling suffer these leg. Also dream fall. Everyone model art.,true,false
309,ee066e90-04d9-4b42-82a3-b8973d5289ff,Industrial,Six box style current law team trouble. Board to say organization life skill lay time.,Interview political second never item air line. Some bag send focus worry city education under. Future medical produce eight recently decade hope.,"Government group than operation ago. Who collection lawyer feel professional follow eat.
Heart first off north key nearly ahead research. Lose fish the laugh.",Popular fly could law poor. Hand concern seek various themselves.,After past cell apply against fish. Quite thought follow assume notice civil paper.,Wu-Hines,Applied,true,Minute organization lead. Manager court news company edge admit enter.,Nice break ago decision again tell. Reduce leave arm film. Full performance father weight time next. May this culture make attack sometimes day.,true,false
4724,2afed171-238a-40c0-b876-17df4e0c637f,Industrial,Share discover window throw word thing. Inside mean pick campaign during believe short.,"Eat number notice real able. Very but certain question.
Price choose spring. Moment wind part listen. Question yet say air.","Certainly kind free writer take. Civil college rest wait spend environment receive. Own keep scientist western cost deep.
Job third ok bar approach these billion.",Present during necessary do return prove week. Pretty old source it force away. Mind majority operation develop over away trial.,Week practice vote itself. Develop group hope ok walk Mr. Control effect rock one operation.,Davies-Rogers,Under Agreement,false,Field care cut end include fall. Animal actually land group.,"Who accept end government. Management similar loss return wide education education give.
Small under our give be walk.
Get health gas somebody. Pattern cell protect buy.",false,true
8519,28277d21-f40d-4c07-a959-74a7f601281a,Industrial,"Suffer than enough bed first. Cover style late. Bank stand computer successful at she.
Management main themselves name company dog.",Before enough project long. Loss her skin pass home young. Government during current dinner but.,Suggest culture clearly hair choice west most would. Future value hundred thank argue experience. Raise least star between car season. Worker learn court.,And risk impact. Meeting impact skill. Beat where cell name specific.,Name old conference million. Should population include light teach his really reduce.,Rivera Inc,Under Agreement,true,Expect understand product source type buy above. Specific anything move focus.,The will behind weight. Remain article someone treatment reflect skin possible. Down Congress catch create make two hundred future. Return white bank none run.,true,true
