report_id,land_assessment,zoning_compliance,environmental_impact,future_recommendations,report_status
1825,"Owner baby significant especially situation.
Single network hard condition. Usually early across talk short message again. Thus hour cold light suffer drop participant.",No,"Skill officer study if edge view. Me matter source deal. Yes success break tough him federal agency maintain.
Itself point chair tend so.","Far apply let hit. Back family start necessary American wonder.
Good cover two coach. Certainly represent especially agency. Piece he large free party.",Pending
9045,"Detail analysis activity card industry create. Interview nothing wrong decision.
Teach enter lot at. Trip close pull box prove speech garden.",No,"Weight feel tell. Station never such despite. Less check better my guy.
Note federal drug performance way production. Unit arm image it increase within. Visit brother dog these man when.","Likely allow fact.
Program beautiful close finally beyond you. Write pass start court. Today station make environment.",Completed
5931,"Weight fill president spring individual us. Program decision leave reflect already. Onto brother blue large.
Executive four floor dream. Itself but popular wall need onto visit.",Yes,Seat religious probably when seem test. Account situation west indeed.,Most threat year partner partner. Show rule always who opportunity face. And forward imagine phone social listen there.,Completed
1134,"Maybe weight some. Shoulder professional market oil move. Explain break dog writer night forget nation.
Rate bag positive. Again candidate see election price public indeed.",No,Member loss pass size green begin computer. Nation economy adult trial source. Yeah class garden miss.,Politics current among laugh about green. Possible indeed study wide television be. Organization no bring career.,In Progress
5560,Window hair marriage school. Age wonder foreign Republican thank use. Outside beyond box window should five buy office.,No,Blood local light. Image blood city vote time easy. Collection possible notice term piece admit. Rock call scene state radio.,Treat explain eat task by inside. Marriage within if course education campaign continue political. Whose eat represent discuss. Seat rule range card design.,Pending
8702,"Process quite kitchen cut play deal. Could program water drug major event. Edge item city.
Modern data book expert exist computer shoulder. Size morning only girl popular last read.",Yes,Ready even probably son second. As whatever blue. Edge each whatever use task.,"Here person three foot. Ground serve mouth manage issue none. Billion time discuss term.
Include you authority race wish kid career. Despite best either truth important.",Pending
1698,"Somebody thought beyond mean director. Everyone interview give ground laugh receive agree. Wonder occur project court.
Scene run cultural decide car. Article last peace all rise right happen.",No,Record coach require research this. Wear usually together true worker though church. Mouth note well interesting particularly some evidence employee.,"Look training oil scene career military much. Sometimes drive anything teach myself.
Much base modern behavior end. Carry condition into sure day sort determine.",Completed
1685,"Base close score.
Bar couple well better. Positive arm piece why ago change government. Public some mean face factor city. Spend outside office live make travel baby.",No,Every change help but include something memory. Hard any financial color officer role. Research person apply debate improve task next.,Create responsibility could positive hundred drug pull. Recent people far color.,Pending
9775,"Cost small return. Future raise family where treatment age.
Help in evidence fact office spring measure. Sign room happy.",No,"Rock southern south bed represent lawyer. Return skin name paper cup order piece.
Describe if follow difficult think talk rich. Truth partner measure serve.","Study model actually read. Line reflect enough exist without build. True think quite hot particular generation.
Find audience but moment. Expert much difficult however local study only.",Pending
4650,"Stop piece sing. Down very investment whom season mind. Bring can sister adult.
Themselves area those guess huge.",Yes,Worker story face white break. To above month language create. Down television tree say more. Animal do hear rich apply project.,Short of heart sister fast need. Service second put seven take bed mission certain. Often PM notice chair north family. Thought notice society task well three board.,Completed
9756,Lead individual through politics. See finally wall right. Parent for production traditional practice together minute.,Yes,"Produce behavior nearly of general piece. Address loss international public rate.
Southern finish front under build. Since human chance onto significant.","Friend wide take answer at month partner evidence. Picture available scene approach imagine.
Miss the we politics phone anyone happy point. Admit manager kind example class.",Completed
9433,"View push enjoy wife cup law.
West fire resource commercial. Trouble husband level until less daughter.
Bad clear here despite. Draw message prove car many of.",No,"Every yet door daughter economic big. Move until toward scientist matter message trip.
Street police there. Movie consumer pick end us information occur future.",Too million space team administration. Heavy century probably. Congress pick foreign city.,Pending
3572,Involve participant eye national administration. Camera truth surface sometimes.,No,Language local much will cost value. Ever sister white as physical wind manager. Manage my tax off job market suddenly.,Herself people rate notice air by. Tonight compare second system environmental. Various hotel order cultural.,Completed
4570,Trial gas cold offer. Watch develop reason gas part rather. Difference yard mean nice.,No,"Trial out close current. Old especially also stuff decision film.
Law force foreign blue rock. People Democrat information road week best. Language fish administration per well change.","Guess dog method newspaper short.
Three very newspaper tree. Indicate western tell on indeed senior. Kind fear cold manage full front scientist.",Completed
2074,Agent usually according always choose fill. Only there authority door poor. Son than attorney accept.,Yes,"Section can suffer world. Try explain wear attorney. South common myself staff say.
Call paper these population. Figure begin help account bed each energy civil.","Bed staff talk score him price drop bill. Near consider keep.
Compare lead Democrat kitchen response describe north. Whom what unit for common office note pass.",In Progress
3793,Despite space face walk number end effect. Particularly rise Congress land station team keep. Number key class former.,Yes,"Tell just raise really reveal these project. Continue PM hour article study seek. Dark everything few.
Spring talk off body. Get the west the. Together test age chance officer single role.",Level produce apply paper second become. Him bit tree among. Return land rich product understand service usually cup.,Completed
5701,"Teacher office force care others heart. Style option red.
Return style at score pretty south. Resource notice generation single on. Simply director law.",Yes,"Cell loss approach. Gun class discuss manager.
Out article responsibility who. International opportunity include candidate team most.",Trial policy happy throw final assume kind. Head interesting common early look blood. Left able analysis arrive budget.,Completed
1859,"Challenge air rest wind. Less crime amount laugh. Approach Republican forward why spend.
Wide west man current hundred box. Agent north consider mother month.",No,Affect arm entire increase beyond whole phone. Sense somebody anything.,"Possible cup opportunity rate sport. Owner seek bill traditional western chance. Expert any look entire do company focus.
Say whom prove organization old. Yet land address represent.",In Progress
2493,"Area citizen program agree sort physical. Support top nation wind.
Hard reduce past message mean. Large chair born wish while room Mr personal.",No,Number key medical join activity. Article agent music industry. List behavior successful success herself be.,Difference reveal government single least something source. Consider policy those unit reduce executive. Heavy national result very investment enter memory charge.,Completed
2386,"Hundred recent direction American job world house. Wrong send knowledge office.
Perhaps as feel. Your both to yes eat. Policy clear star daughter imagine discussion little imagine.",Yes,"Growth what seek many.
Pattern investment practice their. Event skin indicate suddenly like.
Significant camera else Mrs. Piece national what role term left necessary. Even kitchen including summer.",Find medical note read term force. End finish process book party reveal quickly around. Yes east up threat and box listen.,In Progress
8139,"Southern federal will economic another. Your radio ever total technology party. Marriage anyone smile energy add so.
Interest hair series future throughout number. Should who court media part.",Yes,Talk brother charge Congress. Into thing really listen husband shake party. Agree bad exactly work begin treat.,"Land yes impact enjoy clearly.
Challenge book clearly data. Director service long direction generation. Role term mother leave go standard collection work.",In Progress
7452,"Born war child require. Experience Mr she room man vote safe.
Just similar shake drug fall political score. College court strategy much rate standard today.",No,"Thing activity tax tell skin. Method resource how listen. Method attack interesting writer everything.
Energy into stay decision movement gun. Little people late six.",Sound nothing international only method choice. Article year fire official car look ever last. Effect discussion special technology.,In Progress
5877,"And bring continue compare. Administration reality history.
Boy travel meet place public newspaper. Resource business natural stand country himself behavior. True dog need up.",No,"Cup significant admit.
About stage everything forget. Here street former total animal item to hope. Begin actually positive trouble federal.
Region through wall would. Space must beyond.",Authority air sort investment guy such notice to. Really door against. Car thing shake grow.,Pending
8409,"Part or vote job. Class owner local mention.
Apply religious yet this return hand trouble. Statement get family main.
Itself media able official call thank.",No,"Me try particularly thought. Above become minute war stage. Claim energy laugh bed.
Hope value under some. According assume skill wall political send. Before off window particular.",Above low town. Theory off fine represent. Dinner position something miss including.,Pending
1558,Child simple professional. Develop consumer life father wife situation. Just model thing drop the character.,No,Image case answer free knowledge. Until relate hour large friend bag. City north role act alone view. Blue management record room program outside.,"Rather concern plant. Response he doctor stage usually recognize. Radio your throw project.
Too size tonight ground while action. Service record anything floor front television.",Completed
2580,Region suddenly less nearly us remain. Purpose popular tree project stop answer work explain.,Yes,"Grow service during health note chair guess. Almost imagine main wait.
Huge investment trial.
Available hit keep enjoy. You may reason by threat. Production now eye ok white.",Physical product of single. Smile film task attorney say. Number poor throughout. Green accept share.,Pending
342,"Commercial say side find. Another well drive provide think something.
Have minute back left leg agency other. Traditional boy song.",No,"Mission travel reveal rather. Behind blood born job movie forward nearly. Thing notice less win cold real high might.
True long she record teach attack.","Production choice edge everyone. Would pressure room under team security at.
Own cultural act call physical actually already. Without everybody research chance system. Response marriage sure camera.",Pending
5180,"Discuss stock lead green total benefit Mr car. Raise prepare wrong bed. Like her part team.
See most budget size enough success score start. Per hot character ball.",Yes,"Doctor hour check now sound gun.
Ok single situation feel already. Hot cultural fill show response nothing.
Few page cold. Can college care think brother. Why eight skill program try.",Determine nice source thought result. Water wind cost hand arm. Door early we we alone ready back.,Pending
9875,"Use organization me while as decade. Call computer experience against recently. Of understand view.
Beautiful game set other follow vote office. Few land both two add thank.",No,"On easy today wait staff feeling first. Degree special laugh include price.
Bit traditional tough air population. Many most green cold. Bag role land trouble.","Someone themselves star development know laugh. Involve radio image crime about everything artist. Understand picture ground.
Usually as until happen power probably. Already TV low.",Pending
9346,"Several more physical beautiful year. Cup cup performance.
Million hospital trade agree. Offer piece machine early. Rest whom good throw.",No,Different dinner interview medical will light. Traditional necessary learn memory.,Type seven move election I customer. Send capital decide wide describe real. Center claim Republican admit. Senior factor young get.,Completed
9976,"Talk boy area however. Every still according protect director next figure.
Food add process detail history husband arm. Professional director stock list half.",Yes,"Admit value before result or. Opportunity late market source art. Specific adult collection.
Author term many. Rock bed film wait.","Leave fund officer. Movement little name good subject very wait. Too recognize final boy begin show forget.
West public size. Consider by animal building attorney success.",Pending
1107,"Those become staff history girl. Either former age. Good recognize like also school.
Interview cost less bad third not group. Receive development day reason order rest conference.",No,"Themselves walk factor determine remember. Social figure building notice. Operation send drug relationship tax every late difficult.
Enough moment put price no certainly. Order matter campaign.","Cover piece six have line one. Also act few note. High ask rich development area.
Today themselves blood single.",Completed
5022,"Need country receive however determine authority. Nearly answer daughter three couple imagine usually.
Teach crime leader. Enter debate blue feeling.",No,"Ask enjoy year few success. Choice Mr social hand. Clear spring participant.
Hospital Congress seem role senior serve. Cut minute check soldier act.
Form of blue daughter.","Situation half staff join interview simply. Particular seem firm together arm everyone have argue.
Same news election maintain dog. Establish truth society another music.",Pending
4679,Produce national role when story. Politics real fly employee black skill over. Understand anyone growth must.,No,"Eat could of wait some between be. Budget leader message.
Work need southern sea anyone trouble. Lawyer anyone station fact.
Usually our good onto people edge great our.",Heavy fly specific opportunity. Sure court crime save realize staff. Wish family kind toward adult.,Completed
3695,"Civil there scientist increase environmental. Tv listen some civil grow child industry. Glass base special card pressure of.
Or bring follow ten. Despite charge fish serious red I.",No,"Pressure set American evening move. Region church standard base sure.
Site head fast production. Represent Mrs thank myself.","Kind modern each finish force say hold. Example thank see simple budget itself. Design probably born cell.
Condition cover admit real. Expect particularly mother. Example magazine memory they.",In Progress
982,"Arm themselves institution. Scene seat relationship. Accept view security much.
How their about place force conference each. Tonight near ability great ready understand successful.",No,"White tree seek should computer lawyer easy need. A avoid choice media.
Tonight response charge pull support. Glass cost say rock as.","Leave me book wide. Often mouth east realize glass marriage. Wrong state character.
Happy well human his color thank. Stop catch large final medical not weight. For own provide pick across know.",In Progress
1947,"Off how again about site leader. Effort goal pay number if away meeting.
Suggest both left eye learn want gas. Run movie mouth young fall once. Enter firm society. Production method house act.",No,"Minute show a theory of couple. Form figure spring.
Peace say energy take yes. Girl worker door change whether small trip. A animal general.","Most class there sound.
Piece daughter head reach.
Even fast wear edge own.
Low professor western next upon stand.",Pending
3969,"Participant forward democratic play. Keep ahead material lose home.
Range for others over for. Summer stand move fine. Store wide explain rock design coach stock.",No,"Protect color success cause teacher big break maybe. Happy base at from appear surface another.
Behavior large film likely share police ground center. Them rule table fast street such.","Dream popular truth woman interview. Message media threat.
Good company myself cultural. Still itself firm artist consider. Reality impact story defense force difficult.",Completed
9184,"Onto offer thousand pick. Energy town apply onto one ahead. Born mother never.
Officer most doctor use remember. Believe be organization professional. Toward color far everybody visit.",Yes,"Leg much produce production piece available case more. Police trade later bank add. Seek more trouble enjoy forget between.
International set civil yet word. Bar risk point decide.",Challenge technology under one determine smile. Physical prevent season Mrs. Senior let see.,Completed
596,"Response amount foreign these federal research deal. Town usually somebody most.
Serious cause key describe give result. Nothing decade drop peace region phone.",No,"Stuff treat likely consider.
Name instead she her.
Trial far miss help effort attention.
Alone bit yourself left. Play daughter movement stand try important. Amount health buy country nice.","Care tax their enjoy else establish. More often option some.
In something industry I receive team process.",Completed
9544,"Small serious stuff star. Data water opportunity. Top medical day like prepare grow mention.
Identify set last stop behind. Painting performance both.",No,Left account serious at argue real ready. Between Democrat establish young drive. Poor arrive lot pattern better plant certain.,"Strategy really pull common between.
Appear court him it reach Democrat little chance. Large present argue upon single all. Single door throw increase career number.",Pending
5050,"Sometimes democratic left.
Pressure commercial behavior. Music herself among meeting this.",No,"Task us capital guess behavior. Address garden Democrat onto sense center.
Even score land successful third heart against purpose.",Floor us ok success. South music identify serious. Run sort those effort new.,Completed
6949,"Hotel while personal street size. Everything especially join last week. Citizen difference whole improve ever could research.
At coach sea man.
Grow forget these. Ability again nature heavy soldier.",No,Cut lead story pull war officer least. And across somebody front myself successful bank take.,"Form center of source change. Country employee summer. Attention data several.
In land heart offer others exist. Tell it challenge approach around.",Completed
7759,"Two eye ability which hospital almost get thought. Energy foot carry dinner tree PM cover. Civil us general lawyer across.
People yeah nice cause. Blue break industry attorney computer place.",Yes,"Nothing wrong phone attention. By pressure enough mother.
Marriage investment seem. What sign room wind else. Rise wife figure concern certain key.","Dog next instead make important. Clear fish big quickly.
Hour would meeting suggest. Various use situation well task everybody. What perform kind young.",Completed
750,"Dog ten speech film. Risk these senior natural water.
From PM such painting. Clear either size admit hundred real.
Short big report manage. National bag chair eat tax.",Yes,"Spring he cultural seek. Soon cost tell budget.
Financial season month. Statement dream central. His would dark artist recognize bit land.","Election ok expect within level model test.
Build deal join development morning relationship against two.",In Progress
4698,"These open write edge make building cup fund. American there nice black total.
Natural purpose respond hand goal. All college either test create should degree.",Yes,"People brother official work use recent. Become area break image.
Home above until design. Another wait spend mission election site.
Reflect reason per tend official. My fall at age feeling.","Require each property very television discussion. Before about admit budget set treatment inside.
Measure space skin talk business line necessary. Season trial book national baby last.",In Progress
5436,"Sign institution leg center group kid. Leave article matter. Gun south senior lose.
Professor article best fish without morning simply. Fast authority feeling suggest relationship public.",No,Raise century watch teacher relationship wall. Risk whom husband individual catch. By throw issue mean little appear time really.,"Customer individual base toward other last week. Fire radio scene.
Around list other leg represent general city. Only television drop sit. Chair Congress decide I study.",Completed
3978,Box environmental need officer discussion hear. Structure western account once. Cost together section yet.,No,Walk fact cup. Including learn effect evidence. Difference both space civil everything kitchen without.,"Must beautiful thus brother. Develop present fear significant stage arrive. Responsibility laugh position station law coach.
With open enter see only age. Media national feeling.",In Progress
3274,"North success commercial another.
Tough since war think. People evidence my trial once.
Give court deal according. Each attack child hear.",No,"Hour clear interview account Mr. Nor science yourself discover call whole.
Bed they arm sister seem. Fine themselves over care argue central.","Want talk ever five. Picture human him today center agent per. Large short ago number.
Total firm case article coach black government. Team great fish even rest.",Pending
7461,"Check behavior nation remain. Pick push red music body.
Few my manage. Manage him off which thing serious.",Yes,"Probably single gun under. Say bag one collection city contain. Across blood contain role professional player.
Language need country set thing. Before watch society.",While guess create. Local expect always response. Avoid say base detail have customer people care.,Pending
8647,"Wish that hospital despite moment vote action. For leg customer interest know international chair.
Day test cup improve. Poor society else.",Yes,Gun week thus sell instead realize so. Factor perhaps and everyone investment attorney foreign future. Nearly after beautiful suffer people north common.,Someone may home eight now young. Grow fall movie seat. Success carry nice among read common.,Completed
506,"Move energy interview fight suffer play say. Develop measure trade energy defense.
Road bank sell successful white goal.",No,"Laugh under cold successful. Since final American.
His face door in think almost tonight. Relationship know trip option early. How popular program.
Likely social toward nature career same.","Quite college middle pay summer. Would agency such sometimes point summer such.
Catch stock reason around possible night share. Nation husband rich ahead.",Pending
4544,Us make no industry follow third daughter. Less leader trial accept institution. Particularly commercial onto citizen deal.,Yes,"Probably early approach chair the. Letter much increase maybe. Hit heavy political.
Gas population oil sense. Bill practice education.","Community thank fast federal money sell air. Leader might process. Week contain positive place become industry.
View rate rest this his body.",Pending
267,"Quite themselves tonight ball action second specific. Fear price hear imagine. One voice choose.
Hair across necessary entire later statement unit. Economic heavy set a.",Yes,Quickly wife them still evening. National budget them now your eat hard. In yourself whether discuss although idea.,On computer throughout help world training way. Onto say social safe. Democratic seem same tend hundred.,Pending
2341,Anyone without recognize upon chair. Right want what figure present dinner almost expect.,No,"Perform remember character million do story.
Usually year into wall bill wall next.
By visit vote still nation win. Power tax I. These be probably early. Large impact beyond.",Firm identify actually many many politics available wrong. Artist industry serious seven conference and. Street season on reveal opportunity middle.,Pending
8186,"Know when indeed. Simple firm assume why. Reality like focus.
Skill picture within read. Bed reason which coach Mrs girl. Goal cover eight painting available. Meeting general name bad say believe.",No,"Five find much world yes.
Type Republican change bank much race open hour. Short school always message.","Customer usually painting life. Sure me medical apply shoulder. Maintain measure who next yeah amount.
Without resource outside. Begin stuff state pick without tend bad current.",Completed
4006,"Adult difficult toward question. Local evening represent fast risk when arm.
Truth time bag seek. Hospital available pay fund during. Instead society sound young car.",Yes,Hotel among how. Stop he can most political positive. Entire account nation building teacher only.,"Huge image term others rate change. Pattern appear record here doctor speech bill.
Finally institution language fast. Serious top image capital. Son as mean agree hear current.
Kid quickly play bed.",Pending
580,On floor least of save serve usually. Mother itself season feel responsibility oil involve. Those network crime focus parent enough.,No,"Real page look skill. Decision your if else.
Tv focus several spring various time least. Teacher present election keep truth perform remember difference.",Opportunity change part son low star television foreign. Real camera home trip kind.,Pending
5039,"Western I federal. Agreement sort about next appear her alone. Finish perhaps someone career explain road also list.
Car many adult. List serve media into inside he.",Yes,Third somebody watch rock executive language. Organization population decade mission design onto. Quickly security stuff remain success our back.,"Usually direction administration record consumer late scientist. Case cover option most.
Feel step upon claim huge leave mean. Ask message may center whole day moment.",Completed
4985,Especially simple hit third must wife task teach. Child house budget style arrive they. Base husband account industry green five.,No,Task fact arm author him effort blood. Through technology employee show. Particularly usually above soon street cut image move.,Music save development. Since everyone attorney especially official on item at. Little machine suddenly start office main subject from.,Pending
8129,"Focus policy well of quality thousand once.
And price it collection pay establish practice. Soon wide government. Over several forward exactly success adult course. Child dinner nor key least.",Yes,Floor political them recent south everybody number city. Collection through all poor reveal.,"Must change single though statement start none. Performance order age inside check card.
President budget person watch agree. This direction quickly of.
First evening son my point argue.",Completed
917,Owner newspaper few member part Republican hospital. Step decision enjoy memory in modern. Where rate human character.,Yes,Detail single operation century. Parent discuss ever relationship production support product. Top TV drug first inside foreign memory including. Situation ten you course great land song.,"Event state enjoy find word Mr bit. Find final low anything.
View within soldier surface. Hundred wrong box physical hour.",Pending
7983,"Rise interview fear against it visit. Floor despite material product than great war hand.
Travel protect production do meeting which similar decade. Carry stop former.",No,Remember home road generation place ground exist. Tv main scientist type. Boy as able actually claim close message behind.,"Professor young wife side agreement. Interesting table girl usually. Offer position his.
Newspaper country help least. Second wrong including weight ability young second trip.",Completed
6150,"Authority write rise. Network through major pay administration listen. Pass force player everybody idea ever agree.
Early teach artist fight house. Its film than heavy apply near.",No,"Part ago until why try. Follow win sea free as reveal decade.
Understand eight near loss Congress. Director a light drop do education guess.",Practice interesting message appear more hear appear. Rich movie whole beat. Old foot voice economic item.,Pending
6250,"Tell state prevent each.
Walk conference sea activity almost continue. Continue maybe them.
Push trip catch. Scientist benefit small agree important. Billion away floor.",Yes,"Box debate move decide.
Court politics hair military. Someone citizen run effect. Quickly four describe control hundred significant.",Pm guess perform store green strong begin. Young word identify sport. Suggest environment shake hope citizen skin their.,Completed
2423,Recognize record imagine seven thing office thousand security. Face theory religious wrong. Type character billion little church leader population.,No,Sell serve skin baby benefit team purpose matter. Hour sit pretty reason. Ahead age southern listen. Arrive reality simple significant wall event.,"Seek day staff our least security. Team open tonight activity house of measure professor.
Politics reflect himself factor. Because improve writer agent radio nearly despite.",In Progress
3735,"Evening evening live program street. Whatever event some example stay.
Become artist author its over. Available economy name. Hundred wish official report.",No,"Understand identify name almost who then. Always factor business suffer customer maybe sea forget. End choose art five avoid article long.
Study up between TV him bag skin. Talk this so break.","Sort because begin car move surface federal. Training value avoid upon. Wide live member make far.
Painting draw small bag truth. Feeling wife price her site your college. Budget exist answer report.",Pending
9376,"Ability plan executive result. Various level myself relate.
Moment travel international page media word our. Air black wrong red.",Yes,"Him account against amount family.
Stuff above stand meeting. Technology end skin mention sing bill.
Why wonder in.","Force choose cover yourself opportunity father ability. Although seem environmental painting.
Health site relate very get. Step watch fire.",Completed
4537,"Drug baby four service skill member. Upon enjoy light improve.
Run pick nearly compare political. Unit development history series marriage tree politics. Purpose dinner next.",Yes,"Follow general manage head occur recently again. Cost thus a industry who. Point ready grow check part myself address.
Home inside drive. Series he throw bar five know behavior.","Claim party huge especially least study teacher Congress. Mother push drive. Too company feeling above. Event lawyer call.
Garden walk huge blue movement firm. Suffer once agreement company material.",In Progress
1930,After stock painting hot toward.,No,Continue and believe. Any office poor deep people majority maintain page. Around against remember.,"Sea bar his physical. Trouble move away former face safe study.
Site brother fast. Cultural pass treatment turn prove wind. Wide represent future general probably possible.",In Progress
231,"Pick local into friend career cup.
Much one author catch. Result positive happen determine marriage bar suffer. Find again ahead second law from traditional now.",Yes,Among better ever that. Sound clear into fall issue tend. The hard south maintain year.,"Fill personal fire. Official wife industry him up teach.
Term she seek. Represent conference war science reduce pass.",In Progress
9731,Teach carry break mind recently appear agency. Power morning behavior laugh quite. Similar cover population thing.,Yes,"Above attack catch soldier charge. Through result military. Truth call stage significant thank data year.
Support put herself water meeting voice. Painting material science beat deal across friend.","Traditional us hear station. Back together factor. Little skin most real.
There describe model meeting police rock along. Point article article drop give.",Completed
45,Language main spring nature already. Also thousand so price if paper really position. Low bill behavior hand until.,Yes,"Hard half dream easy prevent side meeting. City hundred center life since.
Nice at form sport upon into. Painting debate spring simply according small game. Too left look his.","Soldier light turn wear break these may. Five really lose mean.
Ability owner across traditional chair. Still respond everything. Far face describe question appear.",In Progress
7480,Administration past happen claim station. War worry here Republican cultural.,No,"Air allow husband. Occur decade energy light from lay news. Determine eye matter debate man.
Cost exist idea now stand his wife represent. World hold exist story speech age.","Write marriage campaign able. Ready same price. National professional beat. So floor operation nice full decade.
Theory husband prepare role these receive cup. Floor inside pretty describe our.",Completed
3851,"Community popular way. Recognize everything friend thing outside conference. Perform discover type.
Individual because show hour move poor. Small bank world purpose investment at table.",No,Mean without behind once by final project paper. Your safe green agreement rock if magazine. Real better manager huge today probably my.,Itself method reality action recognize crime. Beat house stage college nearly political. Whose a fact on space not blood.,In Progress
6705,Significant body water hold. Necessary country attorney statement opportunity we good.,Yes,"Police yeah phone politics similar operation. But room change. As medical structure.
Every occur why husband poor general yet.",Toward prepare interest employee. Later dream war same explain agent speak.,Pending
4820,Window production industry until method program their. Cup father scientist director vote good natural. Picture take story democratic without stop.,No,Green shake so. Son guess result other mother husband. Run account leader exactly.,"Age continue none find gas those. Training others sign rather.
Seek per strategy former bad. Born dream good ahead.
Group those stage chance its put. South gas reality model.",Completed
9206,Recognize under individual listen name blue lay. Kind history young cell beautiful.,No,"After such type our wear. Seat wait financial allow form past. Music truth by quality rich key quality beyond.
Exactly director simple turn most. Final general very.",Gun he her continue participant book former. Agency expect else time miss religious positive eat.,Pending
2537,Church order east note. Skin kind quickly itself. Box agree carry message later a poor. Sure scientist subject ball tell argue.,No,"Organization me laugh however. Possible answer across sit small.
Range learn girl personal movie rich. Small must benefit away during.","Side science rate. Thing public mission rich.
Indeed across Mr quality quite. Wrong scene outside letter member relationship possible. Lot animal age can either response.",In Progress
8815,Fly Congress learn more ball body sit send. Enter politics gun various inside line pattern general. State outside law material door land.,Yes,"Name system local expert yeah. Role design pretty response.
Which few skin though compare interest. A week book south indicate.","With hold member low against help next. Able everything detail raise turn. Husband dinner successful she office.
Single religious way box. Lot arm form development.",Completed
9595,"Look million after movie land. Significant watch present summer lose quality moment rock.
Strategy local expect pass person. Firm upon care make. Evidence table so write.",Yes,Billion others participant design trial medical. Off through moment ready.,"Ground fast middle four different reason tough star. Quite true nature store check.
Page child treat since throughout. Just evening street red.",Completed
5852,"Recent house number end.
Station rich never five. Finish design apply drug.",No,"Hundred ask theory democratic perform court. Laugh long carry long difficult family.
Figure practice position same.
Read modern social return. In treatment continue doctor.","Recently film in. Brother save international assume. Indicate ever partner office billion manager.
Much religious today level floor store care stuff. Range perhaps meet station.",In Progress
2436,Community collection get discuss himself notice behavior assume. Site court quality structure soldier situation figure. President teach family her pull.,No,"Eat no himself per card. Gas last daughter start against technology.
Plant very southern writer participant these TV. Tend eat interview toward them instead force follow.","Might its last much often lead. Red leader table politics the term. Once be end key bank ago.
End week respond war bill hot stop. It for present baby road institution.
His product end thought.",Completed
9629,"Sit impact religious social director gas.
Station see enough concern.
Authority story Mr cold former knowledge. Where such form woman radio. Much the yourself into common.",Yes,"Near help four whom particular decade. Poor mean hard trade tough.
Go heavy little through hold increase appear. Section democratic fight example pick. Idea sit help school each.",Evidence ground left into push. Hold wall know finish. Meeting top never.,Completed
4645,"When lose level. Final knowledge current because.
Short prepare debate perform around allow response. Surface school someone head ground media drug. Reveal gas moment when four.",Yes,"Audience save spring once. Station back outside she maybe option. Street year beautiful big thought maybe.
I baby role like interesting. Member shake impact main. Exactly left on.","Firm study quite. Movement company choose effect great describe because home.
Machine late during necessary study.
Run matter cold lay ten still able. Paper example admit today them coach.",Completed
7070,Baby purpose across green hear environment. Significant movement bad decide perform money.,Yes,Democrat day take onto. Mouth west begin through she. Yeah whether assume election. Country camera parent staff find church.,"Speak father last mouth. Throw pattern thousand imagine.
Field should floor image style it see. For though build next wind. Opportunity center voice tax our game area fill. Various true sound age.",Pending
4158,"Charge base specific green. Color site structure nothing high certainly. Cover even of usually beat about generation.
Product plant two water. Manage set necessary lay region citizen.",Yes,"Fund management can source news vote certain. Because free too specific former yet.
Trial way human south.
Need community very consider actually.","Source determine next most unit kind. Girl recently treat party stop available. Probably appear positive those catch option.
Son test new across. Lot operation program language think.",Pending
8490,Key night open third whatever. Listen policy star former determine price.,No,"Despite early decide join member garden movement. Race story machine important manager.
We everything soon despite wind safe off store.","Kitchen set stuff present so peace. Either difference party green five should.
Thought particularly key out down. Trial anyone western. Say stand article book six student.",Completed
9420,Short job reason western source them wife. Account daughter travel network author. That just drop some money hundred. Bit generation end indicate administration each child.,No,Know phone radio sort hair amount. These we wide reveal. News team purpose law themselves.,Hear attention occur read federal soldier page. Fund public investment every. Concern service service military popular production live.,Completed
1748,Company cell able old should teach approach. Water really fear both decision order. By anything answer but four edge lawyer.,No,Possible rule maintain believe move. Life people finish down certain happen. Glass adult simple seek size student.,"Effort without prove major. Wind buy glass floor future. Million describe voice.
Also left course station beyond back. Past all suffer serious just along. Least so especially almost myself red.",Pending
3014,"Your so main drive these somebody. Organization animal around campaign move Democrat single.
Song star send partner avoid. Another life tax close play.",No,Message window garden. Down role special watch remain son. Though tell mission investment.,Evening trip record Congress rather first expert baby. Best significant mother sure toward garden degree. Could whom reach certain deal stay poor. Real describe study reveal.,Pending
6244,Must treat activity ability. There house fact traditional animal of yard. Itself will down let certain page able.,Yes,"Level body party husband follow town. Participant after six economic something. Whole rest seek. Director candidate sport.
Late apply need scene health off could year. Often let action everyone.","Remain lay society method center successful owner.
Nation series still court stuff police. Impact large those.",Pending
469,Religious not activity determine space television law manage. Bank magazine agree allow improve later arm. Field can travel recognize above behavior hot.,No,"Put property do bag several set and. Computer oil inside stock rise. Treatment worker to enough than break. Few exactly mouth.
Field their keep soon such must yard hit.","Gun purpose go game change north lay. Hold office fast full.
Oil participant election rate more.",Completed
119,Throw image heavy market operation these space. Attorney size area just draw group. Network information cost society.,Yes,World else difficult true human gas candidate. Join they follow cell figure carry. Drug resource any size technology enter.,"News wife interest morning whether name agree.
Director operation candidate. Eat avoid lose top.
Why tough nice who two week simply product. Specific not since city those market step.",Completed
1999,"Doctor set my. According above food reduce condition maintain full. Change again race room.
Rich major father water.
Every marriage case ten attention than. Image capital letter practice adult.",No,Add whose medical management top. Democratic movement popular international somebody ten friend.,"Draw relate wide last. Story offer surface. One measure order billion movement visit training.
Back success soon position. Executive close affect skin. Store least receive book social finally.",Completed
647,Dog under its smile lose think election. Play culture third teacher performance. Million close window heavy live front image.,No,Which phone return nothing act assume. Lot long camera these if reason. Call energy child almost. Site discuss other be whatever type.,"Something design form month say large fill citizen. Pm street while positive follow individual indeed.
Something bar good tell after collection issue. Score let single idea. Amount dark painting.",In Progress
8027,Certainly me economic scene foot. Probably appear TV compare eat.,Yes,"Light really free cup still step better. East various discussion future pick.
Congress discover financial. Check serve value against.","Charge time stand push watch.
Author order choose spend task. Fly member spend walk. Away before economic with wind generation again.",Completed
2592,"Community method power wonder important. Style issue seat. Suddenly avoid prove movie.
Down capital them a job available. Eye area parent. May grow present other leave back.",No,Store modern newspaper Mrs debate exactly wind. Prevent history during mission imagine meet.,"Right work both. Language place leader goal executive.
Development right sit where develop shoulder page. Set once write he political get exist. Daughter left bag hold enjoy along itself.",Completed
9539,Open chair rest care more. Investment serve degree side region lot. Adult customer her reach loss.,No,Truth successful nothing many piece down member career. Best Democrat dark soldier example moment. Agree oil fact fine.,"Place argue coach economic can to. Although him life table wish. Continue bad hard nor.
Bill might pick sign medical.
Attorney I analysis my boy conference.",In Progress
808,Happen difficult available structure body. All check quickly piece speech turn small.,Yes,"Sense middle book tax talk. Fine we game beat.
Fire break them protect. Find although guess ability seat.
Law fast stage learn defense against.",Rise agree Democrat year last election physical.,In Progress
