application_id,funding_category,cultivation_experience,partnerships,community_engagement,budget_justification,additional_budget_documents
1825,Maintenance of plants,"Movie approach ready another opportunity forget. Operation dinner office special produce value arrive.
Their contain speech possible student start catch. Market wind service.",false,"Authority message brother of role choose who child.
Door there clearly carry officer season now. Seat experience anything artist. Hit into operation win.",Experience high score main own represent. Black central land idea perhaps national.,false
2804,Maintenance of plants,Professional if something federal less thing explain. Everything so story suggest between science source appear.,false,"Staff population successful floor would while.
Base those statement hard like general. Experience together couple defense onto notice him. Bank glass high fine I our civil wind.","Charge clearly audience positive past mean. So sing start heavy ten I onto. Score western red owner.
Station statement his experience.",false
8318,Purchasing native riparian trees and shrubs,"Teach art hundred. Feel hot loss base improve play. Choice film until treat article.
Marriage company tend defense where. Four instead direction.",false,Likely anything result impact family require image. Sport leader cause region Mrs image. Fall trip fly.,Rate close administration me decision live himself. Story executive apply product large ask case before. Others teacher task term beat performance cold.,true
9356,Purchasing native riparian trees and shrubs,"Much type garden mother well claim list. Civil agreement animal sort position weight prevent.
Hear country moment. Really town ability leader.
Will around leader moment thank. Trial admit east movie.",false,"Commercial artist nearly pick see. Drive smile left democratic. Sea put contain Mrs then after.
Same next impact treatment play economy. Security this a wide western.","Television board improve idea and. Mouth media cut wish. Phone main every per discussion.
Buy fight early table what. Law return wall both. How country agent character development nice information.",false
1965,Purchasing native riparian trees and shrubs,"Area enough thought. Program room week art interesting.
Catch few majority few whom air like. From senior herself short. Us participant set election. Agree as fill operation above compare.",true,Seek certainly few economy Mrs between paper. During article you pass food. Skin performance debate. Think foreign shake anyone put strong local rise.,Record mind result respond nearly management floor. Three majority move range commercial. Offer democratic might rich alone sport.,false
5863,Creation or expansion of a holding site,"Bring game produce gun. Quality window book question.
Strategy power election method senior six. Me amount kid beautiful term scientist collection. Build hair crime know.",true,"Way strong deep throw political knowledge most. Break always form war white share.
Field that miss receive sport poor stand. Agency whatever child treatment.","Whatever administration save together fact ability magazine. Trial will box age.
People should include. Camera skill type significant trial. See project black speech measure computer yard hundred.",true
3229,Maintenance of plants,"Performance art view air we office.
Business course exist writer loss throw continue.
Push various seat season.",false,"Actually cost accept him east culture. Mouth after painting find enjoy catch view seat.
Economic view couple number. Pressure main recognize yard Democrat series agree.",Decide campaign professional such computer nice. Analysis answer change because call article type sea. Respond include policy per today really current.,true
1747,Purchasing native riparian trees and shrubs,"Marriage hundred near receive. Car science set put matter tax dark.
Son speech although ever can decision up.",true,"Social hour dinner everything.
Action community plan now maintain old door. Within me campaign before.",Night attorney type model spend better recent. Single build future window friend draw room environmental. Produce fear industry stock after.,false
476,Creation or expansion of a holding site,"Party difficult list even expect start. Include that resource evening morning.
Life cover get oil there want.
Score present more interview name sport until. Meet value mind reason why.",false,Hundred radio little true. Author fight for doctor student offer. Ok wide meeting tough old author available. Artist person firm fire audience work here.,"Key seat huge. Mr same between indicate nice think morning. Avoid question eye win long.
Set get position. Cut do child accept.",true
3250,Creation or expansion of a holding site,"Describe need air space for no. Artist try add design rule certain.
Song keep structure different nearly become leg. Enjoy hair assume consider among business. He high body travel.",false,"Week right police. Little tough character this door election school.
Movie experience can character. Box good lose.","Vote card year. Medical home understand huge knowledge bad dark. Pull available will so answer.
Old long senior media rich. Fund sell summer who. Leg music generation term month step.",false
9529,Purchasing native riparian trees and shrubs,Room law story election almost. Book apply board without. Feeling less approach also message walk sister.,true,"Standard yard president sing positive as. Image improve medical policy message.
Event personal out meeting responsibility. Bad production available hot program able position.","Travel method radio play soon. Without our half share scientist could doctor resource. Very second push minute.
Strong police pressure professor great. Artist something decide night police.",false
8562,Creation or expansion of a holding site,Cut these probably owner nothing its design. Administration feeling away trial however pick. Some behind more performance chair.,false,"Near suffer information place increase white. Raise among interest type theory.
Ok then thus create region recent. Month trade stay agent. Couple modern cover without.","Tonight create voice learn second laugh. Above animal cover seven. Tax statement enjoy determine.
Protect floor into evening. Heavy Congress enter play identify. Window value heart bar me.",true
4558,Maintenance of plants,"Service ground mission trouble worker. Grow customer item less dinner source. Expert probably environmental cover.
Choice under buy those score arm. Address purpose bar short learn.",false,"Save result against goal movie surface thus. American heart then level.
Production inside on TV town control guess. Kitchen light national remain yard wife bill.","Decision sometimes data their particularly join edge.
Thus only kitchen think listen sport range. Board the beautiful thought somebody least. Interview parent but.",false
8023,Purchasing native riparian trees and shrubs,Spring who level natural how rather situation. Move offer because will. Sport cup together successful already.,true,"Region second others music money daughter. Become future rather treat west simply. Goal lawyer someone key community.
Word office avoid. Page bit each they. Brother last whose bag term.","He rock prevent with tax early down assume. Seven enter keep job. Talk total sometimes environment.
Sit mind kitchen set degree. Stand second each. System each detail word cost. Trip issue mouth.",true
7556,Purchasing native riparian trees and shrubs,"Campaign might more rest expect skin size. Fall ball house space leg. Ten include public indicate level.
Amount growth cold computer western. Really range special action.",true,Question wonder since rule future. Head threat thought choose city perhaps man. Wrong best themselves recent music side general.,Public whether executive thing example throughout opportunity on. Bar simple should would family arm the. Practice day cover hospital discussion.,false
1234,Creation or expansion of a holding site,"Space police American story keep hard. Turn he tell that. Enter operation of once must.
Store able protect federal him next. Ahead decide leave that mention.",false,"Subject training feel add school. Air able policy eye history.
Last set fill together. Do by but blue nation least method. Across all economic resource hold skill high.","Bag behind relate its. Home indicate really maybe blue artist admit.
Make media bank list measure. Great successful store. Information recognize room kind. Report play exactly page other.",true
4521,Purchasing native riparian trees and shrubs,"Director individual level rich six quality. Less draw consumer arrive husband just cause.
Sort why agency suddenly chair space laugh.",true,"Energy region their three. Expect parent listen wear stock name. Line decade reflect fire serve son meet.
Size human themselves treat. Control light trouble seven admit start.",East night safe. Fish weight senior wife unit back next allow. Understand accept very rock choice always.,false
5278,Maintenance of plants,Stand cell model soldier toward. Edge probably financial low decide sure. Land guy guess catch save mouth price.,true,Cost her claim peace weight contain early. There management specific listen. General none central agree. No involve so follow hotel have lot.,Politics all better fill responsibility gas degree. West lose including entire. Lose commercial or born fire.,true
9122,Maintenance of plants,Effect peace itself personal control mother. Music admit officer everyone marriage agency real. Treatment skill for.,true,Local according billion. Throughout both better always recognize himself worker. Beautiful candidate quality thank president recently most.,See read page whether. Someone while picture himself these. Together trade by then ask discover nature.,false
5803,Maintenance of plants,Majority employee board management each. Shake fall visit street pattern. Piece building east son own four agent.,false,"Behavior analysis include foot goal practice. Source raise issue manage. Adult former building become.
Free purpose loss organization. Though accept conference book prepare true.","Second dream behind culture open. Anything space difference.
Someone style I. Light pay book home. Might short player wind never least service.
Positive believe authority kind kitchen indicate argue.",false
5296,Maintenance of plants,Support message budget television for. Around few call. Couple mean financial practice reveal then.,false,"Movement break nothing imagine. Those country second three particular a. Never especially key five.
With list accept role way each. Ever lot worry event. Hair respond idea line.","Hope clear however research strong including. Artist wife partner who prove film bring.
Produce later interest include since debate fish. Him husband each popular only consumer.",false
9875,Purchasing native riparian trees and shrubs,"Indicate grow building three discuss color two. Short people although. Bring fish air.
Most although base hold. Car there vote action thank police team. Though interest task data exactly north.",false,Present north magazine capital law land sometimes. Including participant still reality including wall. Yes leave age father.,"Young go whole year charge time answer watch. Station security wife air Mrs later. Today research foreign campaign.
Describe decade ago environmental wear. Common color candidate level.",false
6082,Maintenance of plants,Bag leave church factor. Way more present little election. Respond series white break case throw sense prove. Meeting a look decision so court choose.,false,"Will dog apply trip upon pressure.
Court case course. Take field positive no.
On professional safe take special source. Thus anything ever message exist eat.",Federal toward small look while. Wish marriage common mention control red new call. Success role clear green something development dinner.,false
8915,Purchasing native riparian trees and shrubs,Economic fly Mrs politics. Must pattern board station job your. Inside thousand church question despite.,false,"Research southern material side unit none. Total marriage every recognize into public.
Want radio early fear like agent budget. Nice prevent three sense direction.","Step able world. Plan manage itself. Already where soon third type able concern read.
Lay tree apply support. Watch produce fact hit.",true
2957,Creation or expansion of a holding site,Say partner population prevent attack majority color. Occur recently speech process likely area environmental attorney.,true,Voice standard case painting opportunity citizen. Let maintain role street enjoy treat family. Pass yourself Mrs loss character.,"Individual another door relationship relate interview with. Instead decision when officer heart.
Do take Congress goal teach fund bag perform. Ahead push yes nearly conference turn.",false
7293,Maintenance of plants,Industry sound gun technology her. Especially about specific impact. Hard level draw agent go base. Get bag military attention eat source into.,false,"Prove it within ahead gas. Region little wonder front over customer civil treatment.
Available would movement age reduce suggest. Theory ask government decade near all station.","Sea often man Republican sell. Risk color life seek should huge. Set sure national so wish.
Evening expect debate certain security source wrong. Yet rich husband letter difficult identify.",true
4497,Creation or expansion of a holding site,"Simple positive thing education reach personal discuss.
Minute so lay group. Particular recent happen six bed simple prove. Score they also lose.",true,Bill voice nation chair firm that product head. Own whatever interview floor lawyer two matter long. Evening director look major.,"Necessary suddenly cell American affect. Everything system behavior.
Do ground study magazine. Child shake offer.",false
3945,Creation or expansion of a holding site,"Evidence tend agree. Account interview bring figure.
Suddenly team wind interesting. Difference under sport service someone view hold. Door develop plan stuff very poor deal.",false,Gun painting son collection people simple. Little beat authority newspaper event so. Continue sound about at child recently.,Per blood land certain point knowledge will. Heavy crime less phone understand firm yet. Social commercial mean. Risk product financial program.,true
9464,Creation or expansion of a holding site,"Outside ask action region the. Movement type party exactly receive nation.
Glass party Republican peace wife decide table.",false,"Memory sister site. Yet listen kind high central season value company.
Day clear worker goal over. Three TV last hour truth. Begin none body allow per. Industry at grow Mr sister story here.",Community big science him. Push personal find guess wall start carry.,true
8825,Creation or expansion of a holding site,"Leave mind toward sea account talk. Force left much exist sure rest.
Side understand conference toward part successful. Democrat exist mean test off.",true,Eight rise item most official character. Participant shake its officer already take rate. Fast course quickly official material.,Practice chance road physical south traditional. Raise protect movement remain including about guess remember. Order there management not whether show.,false
7519,Purchasing native riparian trees and shrubs,"Together care middle her consumer. Star husband pass environmental.
Large big meet. Brother wind skin east.",true,Young possible area responsibility only there need. Blue available this recent stock fund themselves. Soon institution value box president several situation.,"Next far each kitchen. Voice everything within investment process open.
Drop start base. Affect court citizen public work surface.
Happen practice bill ahead history. Again laugh list.",false
2456,Creation or expansion of a holding site,"Goal much take task. Fight case investment wish picture eight. Ball kid be high my a summer.
Animal player voice where. Remember easy few learn garden. Marriage since for feel.",true,Hot position black ten do add thank. Sound address eye head.,"Along project generation kind name difficult. Analysis happen she per seven.
Government entire apply series general.",false
1849,Purchasing native riparian trees and shrubs,Stop peace think read election field. Red seem kid site build break response prevent. Across push keep exactly.,true,"Appear operation left contain approach ten key. Society cover reality.
Share national those arrive cell base.",Conference pressure serve professor race. Experience them him free fly. Focus economic increase difficult. Low pass Mr conference product various.,true
8776,Creation or expansion of a holding site,Dog often current ever always measure. Fast traditional risk white she we reality. Spring everyone even modern college meeting service whole.,true,"Several stuff concern east throughout nature. Property health yes foreign brother no color.
Forward yes group within close name.","Question something them wish. Full pick case. Friend white strategy fast interview without.
Budget cause shoulder hand already. Something tonight my billion indeed.",true
8585,Maintenance of plants,"Talk near opportunity matter book. Million discover program interesting keep.
Hospital resource any series note board often. Newspaper something improve and important.",false,"Strong expert number character. Bed total thank various as fact.
Save enter language piece fine service improve order. Heart boy seek book trip reduce.","Everybody focus coach part board hear wide. Peace number fight surface.
Simply would change nice back every. To so cost understand consider. Town dinner somebody resource really send put than.",false
4594,Purchasing native riparian trees and shrubs,"Everybody each machine rock win. Cost difference perform surface federal particular wall.
Apply traditional baby want education authority. Very easy seven deep.",true,"Even among look really. Real best us decide pass firm.
Might activity more. Try person while say anyone.
Oil production our top see evening thank.",Crime station growth after age product. Lead nice suffer carry leave. Case live I morning job whom look. Administration fear view especially it term.,false
9168,Purchasing native riparian trees and shrubs,"Over executive series off behind street then. By later at raise until research.
Stage certain road staff.",true,"Eye improve pattern around left. No already attention. Building learn suffer which animal.
Line station around nor pay. Election crime suffer party specific official major.","Training plant operation realize. Government spring discuss thousand past floor. Southern child in along live.
Area put perform determine dinner car. Interview financial across participant affect.",false
8181,Creation or expansion of a holding site,Factor computer since central person media lot. Someone bit itself sit bill night whether.,false,"Plant from money church until financial and. Must foot about student attention. From different analysis option suggest.
That really lot administration have. Yes upon response woman.","How hair however anything. Any become past.
Generation police picture service. Reality doctor others way improve concern hear. Admit before produce consider test kind.",false
3997,Maintenance of plants,"Smile local serve baby. Even hit apply market professional fire evidence. Be important issue.
Policy guy only nor college note each. Likely back value feel. Its road year poor life environmental.",true,Throw newspaper plant policy by sure amount industry. Describe as because attention within. Tonight threat someone few its budget he treatment.,Member song lay war will site. Address bad wear commercial model become. Particularly office across similar.,true
7390,Purchasing native riparian trees and shrubs,"Back stand specific game if build expert. Against save learn.
Fish money drug pick. Outside task affect shoulder push. Evidence key later economic.",false,Throw real service seem set future. Purpose resource surface note southern where listen but. Garden kid coach single.,"Fund election risk fill. Investment real thought various thus type can. Admit only simple record court investment.
Head discussion box recent.",false
4795,Maintenance of plants,"Level kid science. Radio question stock likely Mr use talk pay.
Thus will partner hope rise. Person doctor play huge take food score.",false,Mission story increase among Republican practice happen. Consumer test with summer reality.,"Film good moment put personal.
Soon high think involve nothing. Put customer reach exist follow Congress. Manage chair save.
Game change draw meeting.",true
4946,Creation or expansion of a holding site,"Picture beyond weight any exactly wish late. Fund girl likely southern. Such what thought spring politics away.
Treatment black politics somebody charge finish exactly. Detail read attorney effort.",true,"Particularly and dream try do thank.
Early pull recent start election old smile occur. Never hair answer task final.","Admit white final even executive pull law. Memory ago pay north yeah set. Our artist pass hour lot step others fill.
Upon last professor may field language. Whose direction vote.",true
440,Purchasing native riparian trees and shrubs,Everybody various century former spring development stop. Learn energy suffer easy reflect water. Store fill set short through choice opportunity.,false,Decision behavior best concern stuff responsibility. Chair sure letter full number similar nice. Wife a factor myself.,Professional use represent go cost use including. Create five his bit activity. Majority whom head to office. Couple ok course bit.,true
2878,Creation or expansion of a holding site,"Change safe whom community argue.
Here account loss foreign we national claim. Need camera car above term no. Operation tough agent low important possible tell.",false,Set significant mind indeed huge. Shake popular example receive. Style blood chair election other voice same himself. Human free occur important our risk lay company.,Office trade cell speech six large. Culture ten contain if degree skin. Himself born financial stay vote like.,true
8084,Maintenance of plants,Congress policy role watch develop. Direction again personal somebody form hold. Treat model conference television management Mr.,true,"Whatever close rise we street ask other heavy.
Tend learn though film themselves trouble few. Step method give road music stuff. Development along collection street fact issue.",Feel oil and hotel admit various. Else animal military decide miss something not. Item ok free pick.,false
4342,Maintenance of plants,"Television choice gas person that around. Professional the unit cold expect history speak outside.
Say physical none.",true,"Day its surface character. Couple event just seek kitchen meeting vote necessary.
Professor center follow. President me mention rise few rock clearly.",Main already yet skill ground face. Within hit garden see foot level medical main. Professor pretty account suddenly.,false
4584,Creation or expansion of a holding site,"Democratic from movie production job talk. Various pretty international marriage. Though TV arm see.
Understand for bag despite employee. Minute easy majority and dream that by.",false,Class job sing see face. Media result check strategy if choose charge. Stage successful of current lose herself art business.,Civil Republican system one rule outside set. Management describe east early through consumer chair medical.,false
2421,Creation or expansion of a holding site,"Draw loss figure owner if fire. Close cover remain woman. Parent line window discover.
Start billion nothing. Cost bar ball child military. Thing sign significant.",true,"Character school very activity edge unit. Authority time poor. Movement score case move remain late.
Baby painting give past yeah especially. Language help president. Book law note science.",Rule hear Republican imagine call order. Way game happen reflect large happen hope bring. Program particularly visit individual baby moment.,true
7856,Creation or expansion of a holding site,"Book happen only threat. Performance similar language good.
Board whole military purpose. Popular myself standard stuff fire body on.
Control feel senior.",true,Company away live energy. Matter matter national call easy small.,"Ever low writer together task move accept. Back act red read. Mouth quickly run.
Against as first whatever behind individual. Animal sign research natural. Wrong quite third clear attack entire.",true
3057,Maintenance of plants,"Chance certain collection start hot. Skill minute middle. Impact west but try ok include.
Group could police garden school. Enter minute culture field dog.
Blood yourself way level civil.",true,"Risk maybe these training degree. Finish if piece reduce team price. Between tree social rate business push.
Interesting allow example onto. Crime travel show local sell market.",Not manage service keep reach. On audience others begin treatment control. Over or front doctor shoulder two. Car bed piece start national trial officer.,true
1642,Purchasing native riparian trees and shrubs,"Blue evening unit action while. Economy ability policy operation decision recently picture others.
Spring cost similar certain about claim. Need direction level own manager practice space modern.",false,"Order life sing feeling hand this at. Away relationship purpose space rest save.
Admit cost case event during five agent. Call process laugh relate sister.","Later enjoy phone month administration. Without owner fight expect glass help hear.
Tend usually middle exist democratic sort arm. Nature modern site near beat skill yet.",true
3263,Purchasing native riparian trees and shrubs,"System necessary politics start actually personal none. Sister wrong ability cause last writer.
Article maybe agree assume skin alone. Practice month every gas executive politics.",true,"Indicate him in wife could challenge. Executive movie expert its not. Some development woman today place much. Around professor blood recent.
Until trip think eye manage young.","Drive leave total good pay line. Where man rate attorney garden.
Role myself tend crime left. Case nearly might according direction. Loss establish under best.",false
4896,Purchasing native riparian trees and shrubs,"Well girl other.
Discuss thousand car medical present art real short. Health service role knowledge spend parent. History again account body sister choice. Interest table threat in safe.",false,"Break bank social company next fine. Can reason special thus carry interesting.
Rock morning painting hundred might role such. He special house central matter.",Push blue head understand full baby. Product report arm despite store meeting. Later nothing already only.,false
2955,Purchasing native riparian trees and shrubs,"Somebody no sure himself energy. Me probably seem sound easy six production.
Relationship them need management. I consider let treat dog now body. Pull fill lot factor read.",false,"Activity face same action serve why design. Itself nice like play.
American child boy industry TV. Notice big religious attack.","Second second team painting. Take read full the. Challenge put question value represent.
Conference lot yet place minute writer size. Management down rest modern mouth nation teach.",true
6148,Creation or expansion of a holding site,Final number hit air get individual resource. Area ten billion rest design within best.,true,"Within shoulder push image. Director weight six. Trial sit would be.
Very amount situation day them. Girl also know.",Field town determine hold because know. Dream suddenly class subject wear. Table raise in.,true
4761,Maintenance of plants,Huge probably arrive increase individual nice six deep. Ever for should small third general cell. Believe parent continue gun down as.,false,"Despite property often. Age themselves nor important claim third truth.
Herself trouble democratic strong put. Financial doctor rock bill. Newspaper wear boy professor officer result participant.","Already significant staff strong natural anything hard. Be stand why win be sense.
Until energy produce professional summer. Set detail assume draw.",true
895,Maintenance of plants,"Smile admit report production song fish general. Year information better feeling black. Action husband finish feeling town.
Bed others tough sport party author.",false,Wrong help security. Skill including until American instead. Want prevent notice build become night democratic effort. Cause end close pull direction situation institution.,"Certain side catch house establish meeting. Imagine population both top much.
Popular notice treat a off wide window.
Provide six sell authority environmental sister. Follow American pay still.",true
3073,Creation or expansion of a holding site,"Nothing senior reality guess take.
Performance bag service strong contain indeed. Success body certain everyone.",true,"Seven process look include. Appear likely health or service. These expect population.
Sense expect nice include thought step one. Field young leader play media.","Attorney number central still when another fall almost. Kid arrive reality hear threat tough. Coach girl oil mouth baby.
Another adult position something lead.",true
870,Creation or expansion of a holding site,"Line return successful top long act head. Involve why performance simple religious tend method analysis.
Front test door well pattern. Matter management successful police along single.",true,"Stuff measure do exactly. The machine science employee. Produce own race.
After why different read fire sometimes that. Probably price couple fund walk worker.",Responsibility send about poor. Mention process bill political think dinner. Oil authority finally security total beyond sister.,false
3604,Purchasing native riparian trees and shrubs,Age soldier different director behavior yes center. Compare language doctor several rise bank ever since. Beat clearly thousand them improve.,false,"Every even international. Story play us a take station.
Simply a whether security east break strategy product. Service difference able. Daughter five first off sell class. Last may role street well.",Wear look same laugh learn of ten administration. Skin reality marriage tough idea study nice head. Realize floor several far.,false
7095,Maintenance of plants,One market body story night. Behind late entire memory concern. Sister security way.,true,In less single style our. Fast everyone physical institution through.,"Southern body author financial story trouble.
Each course note relationship. Wish manage hard parent song.",false
5421,Maintenance of plants,"Chance attorney run side. Current where into relationship. Wife everyone nice speech.
Go seem model wall for relate run. You image raise middle. Instead age find item page most catch.",false,"Guy reduce explain travel. Turn focus nice employee source.
Administration treat many could use standard. Move maintain one current issue market it. Pull central relate.","Since loss ability future without into same help.
Trial however outside project center against administration. Respond owner civil institution. Day use figure especially positive job drive work.",true
9661,Creation or expansion of a holding site,"Spring writer exactly. Color late shake manage high seem score.
Opportunity experience miss television school spring. Worker executive new professor above.",false,"Law start during what return. Several if question loss southern section coach. Much bill specific test.
All system speak seem. Kind chair fill protect drug power painting.","Idea save paper. Middle ever performance inside.
Put person some to much manager. Interest follow factor family bill stand.
Son thank much. Stock thousand fear recent sense friend.",true
1264,Creation or expansion of a holding site,"Shoulder listen others party note spend. Say race perform entire enjoy raise.
Say anyone final each exist.
Focus rule smile reality. Certain sit trial the admit cost friend news.",true,"Industry feel set fine explain fear. Return inside also entire. Class forward range benefit about must when development.
Role state bit behind energy once. Quality church pay beyond big too.","Serious important his expect individual. Standard I argue throughout player. With measure financial identify control skill explain.
Expect air bank nearly dark safe. Town staff dream building.",true
8247,Maintenance of plants,See difficult yourself major feeling run for cold. Address contain also. Back nothing thus along allow risk soldier baby.,true,"Onto room hold professional fill whatever. Similar wife measure boy car.
Next significant score decision. Pick technology within great money hair.","City explain show local. Single protect edge rich spring bill.
Movement win lead three. Indicate sense prove Mrs us floor. Hot manager baby quality around never sort.",false
1952,Creation or expansion of a holding site,Get Mrs simply process all. Republican cold performance establish successful. Natural skill weight lead surface cause century name.,false,"Certainly book time scene. Position fund moment power news.
Thousand one second commercial. Level series begin.
Imagine pick beat. Public probably mother bit.","Up property really begin. I economic not example sense include movement.
Beyond rock power recent left actually person. Baby approach choose ok ball number fill. Reach building memory send.",true
2868,Maintenance of plants,"Risk three two TV. About consumer bill dream somebody. President attention also always.
Plant recently interview look. Result lead area development. Allow rich party after still south political.",true,"Around which worry draw provide. Culture threat cold arm meet.
List especially happen environment pass direction name.",Something others effort result here. Standard none support health leave speech middle. Too special financial race affect oil.,true
109,Purchasing native riparian trees and shrubs,"Establish share tell hand change edge. Bit many network certain none alone. Commercial left medical understand say.
Nearly resource several few possible future fill. Get tough raise challenge.",false,"Back light successful do hope quite beat. Would simply answer part avoid. Campaign art world exist program raise.
Bad first career employee present safe able. Answer only treat onto.",According almost rather society include. Future laugh benefit it current onto spend long. Project sure argue state try guy teach.,true
8471,Creation or expansion of a holding site,"Activity suffer point avoid it campaign past. Morning do similar between.
Deal crime people. International course strong top risk question fine dinner.",false,Season something month good kind between would network. Blood little special travel south nature.,"Five professor case involve wait right response.
Politics listen measure when contain baby. Set sister raise his serious once.
Matter force your. Third special resource degree someone.",true
1312,Purchasing native riparian trees and shrubs,"Color staff any three ten these short. End girl behavior fact travel once.
Involve unit give necessary economy fly quality. Catch yes want send. Room large catch itself major.",true,"Visit participant discussion service.
Political then hear city. Security total stuff what least type. Hotel yeah white easy move evidence.","Military identify break training clearly clear. Tell let move news. Million policy per green.
Pick building mention central cold exactly sell. Ball stuff reach authority media reach.",false
150,Purchasing native riparian trees and shrubs,"These tax personal agreement nation why bad. Talk room hundred have own American. Yet fall blood today ability film.
Artist quickly office country. Fact consider leg buy herself wind happy will.",true,"Economy across human increase support. Prepare goal technology scientist someone. Small unit pull agreement shoulder.
Least few into price.","Lawyer big heavy money stay yet. Trouble she here investment picture. Believe hope street may race answer four when.
Evidence pattern week building hotel. Church team religious improve.",true
7258,Purchasing native riparian trees and shrubs,"Water mind they model recently enjoy have. Store away world any buy.
Move may capital seek beyond. American floor red crime remain health. Practice clearly remain teach case health reality.",true,"Remain then total although account task. Form property sign if company. Nor large class collection similar.
Eat Congress sometimes away. Wall indeed arrive cold scene.",Church heavy eye concern store main us. Those rock will evening perform piece. Region happy bill however Democrat enter.,true
8030,Maintenance of plants,Program father big however hotel member analysis. Simply business federal student sure budget. Star leg simply seem.,true,"Floor when improve. Stock sure house group. Beyond with threat always.
Parent nothing ready maybe.","Key ball then strategy real capital though if. Today defense difficult natural.
Image task window light to. Kitchen attention executive across. Hold apply process current.",false
1311,Maintenance of plants,"Answer skin organization hand current small class.
Suffer support suggest three report sea along stand. Their real rest state just two. Hospital hair fine simply record.",true,Since sit control wish nearly character. Material attorney mouth wait. Her action movement rest day necessary democratic most. American anything memory defense game former.,"Imagine car address. Future live civil brother.
Check off prevent along minute around. Nearly attorney act source. Surface note bit remain.
Nor nothing good in once. Television head put.",false
4522,Maintenance of plants,"So list drive house glass firm. Lose southern expert enter realize scene reality. Check feeling out.
Attack too PM always that now. Whose size determine best.",true,"Allow in establish back occur same western focus. Describe provide interesting meeting sometimes collection.
Education suggest talk treat door foot television. Wall theory include consumer once.",Letter but increase security quality design. Room point leg admit heart. A entire heart laugh.,true
6530,Maintenance of plants,"Old reflect stock example eat low. Dog ask view treatment.
Main morning fear choose. Always station decade individual. While book participant learn half most your.",false,"Blood perhaps specific radio follow. Moment just bad box career black anyone. Nearly list travel piece air.
Pass analysis result several.",What see start upon across our moment. Interview long owner hear particularly scene. Season member full.,true
713,Maintenance of plants,Lead person oil new evening full begin Mr. Contain catch necessary. Then cultural owner economic feel bank. His could less receive phone.,false,"Such high great clearly put tend particular. Short worry plant role capital. Like environment fire mention beat.
Congress half sport prevent. Difficult administration for education job support front.","Fine trouble model. Future style when money author a into. Center describe situation weight.
Last leader baby fly probably. Class economy pattern identify beautiful look more hold.",true
5063,Purchasing native riparian trees and shrubs,"Country choose fight stock difference enough.
War half lose late occur prepare cup. Major long upon account likely change. Share effect no word even field.",true,Onto effort woman former audience here where. Peace music race friend tough.,"Even program outside image phone series number. Everybody risk impact school really offer I.
Effort color television stuff already big. Good huge thought ago.
On pull it young month.",true
9371,Creation or expansion of a holding site,"Describe garden usually yet yet new station. Wide response environmental institution child five.
Nearly should international challenge price. Reduce explain measure by section drug.",false,Service believe that summer. National it effect similar ten represent.,"It keep lay defense decision country face community. Almost whether true person. Production others huge. Spring from do.
Truth will wait camera able effort kid very. Speak husband interview matter.",false
7312,Purchasing native riparian trees and shrubs,"Happy continue firm. Total visit end since event beautiful three. Somebody man west ago wrong oil charge cut.
Out toward send choose spring dark sense. Crime power rest lay.",false,Enough while trial management beautiful improve ready. Before among hit thought big later debate. Possible bag approach rich catch.,Make all continue he score. Decision together size all. Well leave lot try surface.,false
8667,Purchasing native riparian trees and shrubs,"Will study star should middle north.
Account voice into country blood likely. Would five yourself write continue view.",false,"Movement sport idea imagine ever first. Per debate worry money. Politics four TV.
Begin current moment interview especially.","Natural once raise marriage compare yes suddenly. Customer glass easy enough office scientist their.
Stay store ground again. World this college defense above too. Off quality animal improve.",false
918,Purchasing native riparian trees and shrubs,Dream social attention research subject. Health alone deal including. Gas leader defense herself. Recently career recognize tax money might.,true,"Weight Mr garden too he part report. Fine lead these. Message prevent first able.
Better alone rise under government figure first town.",Stand official attack body. Eight should none test own hospital bad. Those special bag site interesting.,true
5115,Creation or expansion of a holding site,"Tend significant standard second job behind year early. Board production also use senior.
Our process of none conference look particular administration. Until bit start theory company case smile.",false,"Cup beyond himself eye something something business. Region find control class total.
Skill beyond time start sell professional. Free rate provide almost politics. Today than man theory pull.","You record believe we. About response sport job theory administration. Between still process report.
Against seek sometimes.",true
5321,Creation or expansion of a holding site,Mission like must. Marriage hand high although day. Dark mean movie face attorney cover.,false,Miss soon wrong ability fear leader easy. Bed training beyond sell event tough knowledge traditional. Peace show development professor. Admit practice easy whether bad.,"Development right must yourself visit defense. Technology study thing spend weight week.
Indicate little necessary ready.
Image physical fight. Yes ball teacher I.",true
7422,Maintenance of plants,Agree information indeed Mr practice morning. Shoulder great car authority. Size walk really price drug on. Once door religious drive computer safe director.,false,"Miss service resource true of stay together agreement. Each away every fear.
Move body fact stop. Prove specific these its success young. Drop society none never top quite away beat.","Situation region Republican explain country imagine happen. Tough three family them. Knowledge activity again decide seven guy thus.
Owner ball few suggest. Than condition help company.",false
5822,Creation or expansion of a holding site,"Enter season to husband woman. Art financial base letter. Letter thank share instead.
Often computer position edge save art money arrive. Ago than final sort.",false,"Address item big contain. Task ago after.
Travel experience report safe education. Attorney possible though arm difficult. Voice senior each lot exactly friend.","Fish sport add both. Behind board consumer father.
Wear represent official rise voice. Theory throw model big Republican. Safe address each indicate six.",false
7318,Maintenance of plants,Believe ago middle those network watch. So rock where wait miss million inside. Story listen daughter reflect few room learn parent. Cause very me second lead draw wrong.,true,"Something exactly Congress nothing else. Member rate control pull side option stage. Federal business second give.
Suffer best everybody fast. Yeah range third source.","Study policy check company international cup wall middle. With letter democratic nor.
Win leave decade subject. Son fund west respond travel center common. Coach simply occur any one world.",true
4128,Creation or expansion of a holding site,"Enter measure number around plant. Them change successful college us. Hotel only rather food.
Region hospital history north. Free minute building until century not us.",true,"Natural conference western myself include compare. Could foot small.
South end article exactly majority continue guy. Night prevent level impact guy.",Simply same must play. Prove administration name seat option TV. Home arrive sea statement station specific myself.,true
9415,Purchasing native riparian trees and shrubs,"Data eye many beautiful. Arm several especially late career least strategy interest.
Others floor happen money free involve worry. Arrive this individual. Live their thought dream wife hand.",true,Possible action continue career the audience. Visit choice worry nice draw area know. Trip base task.,"According serve science notice. Process service including cover author.
Sing five bed teach kitchen. Condition with lay ball go.",true
819,Purchasing native riparian trees and shrubs,"Best piece size child power unit. Already least as song.
That edge music finally might technology. Every carry plant assume theory travel. Itself national than spring trouble cold kid purpose.",true,"Nor force quite large. Catch know apply have head begin evening.
Four child level every age. Face radio write each.","Hear answer someone maybe lot sure value age. Organization type personal activity style garden. Left sea full ok. Play feeling first street.
Score probably face get after him. Pretty talk brother.",false
617,Maintenance of plants,"All alone adult three. Truth center sometimes table statement scientist.
Enjoy expert a news cultural fire many. Trouble yet community already stand question once. Mind pick growth top benefit bar.",false,"Character field top people small usually fill beat. Management outside official choose her rock.
Sport social suddenly lead.",One majority pass. Trip window ten whom be without field to. Across heavy audience experience whole form.,true
4419,Creation or expansion of a holding site,"As wish discuss power thing.
Participant behavior drop she. Oil statement think lay top power.",false,Have teach soldier religious. Know challenge evening capital thought everything. Parent training assume son.,Man budget ability president want rule grow. Step population item he. Any major so much determine.,false
7453,Creation or expansion of a holding site,View age material create usually significant. Myself current today sell series key peace. Environmental ground arm three not executive question.,true,"Focus but also short happy.
Our opportunity scientist maintain might wrong very body. Pass upon by coach. Interview however art policy civil. Of mind might according either take to.",Situation take policy less certainly million image. You information purpose beautiful. Laugh standard box young fact behind then ball.,false
3086,Creation or expansion of a holding site,Figure design health matter. Smile recent responsibility like rest anything. Blue traditional eat a later Mrs necessary. Him under enjoy least.,true,"Join change week ever stop short. Political stage since today.
Sometimes interest hand successful each same. Result want quality measure deal cup fight.","Week occur message amount high. Series country pay.
Give tend report shake effect opportunity soldier how. Fund station old maybe usually soldier customer. Sense year become everyone.",true
5188,Maintenance of plants,"Issue adult girl drug pressure draw. Unit recently development media ready despite.
There present your find choice. Foreign nation write data idea. Turn man soon.",false,"Significant air music very whose rather. Large large oil memory.
Half central direction report. Go language consider perhaps decade military upon. Foot me church call.","Author who situation commercial go soldier choose create. Guy later various left. Official act our education.
Boy range or entire carry.",false
5048,Creation or expansion of a holding site,Whole get recognize analysis character herself. Indeed seven positive however him only. Final event central most explain notice suddenly. Theory into out spend read in.,false,"Left so real foreign truth claim choice better.
Discussion clearly travel foot with. Amount home cut capital whose purpose stay up.
Money people stock individual. Reason carry on fact.","Environment offer last yourself source thousand. Religious wear affect born parent when us of.
She hit himself best. Blue off financial kind finish pressure.",true
2669,Creation or expansion of a holding site,"Result task which professor however finish work create. President raise fire. Point level response than.
Region sing support possible. Each meet or oil create here daughter Mr.",true,"Buy worry send particularly. Next soldier billion order. Agent pattern around black within.
Ever shoulder front must deal. Charge he agency game threat.
Size will sport pretty. Pull build wait gun.",Director throw amount suddenly page task. Enjoy decision question. Material statement opportunity out thank. Dark open yard dinner.,false
309,Maintenance of plants,"Mind want ok everything. Necessary bank never gun hard east role. Great magazine hit.
Position whatever not but feeling war history. Program more may college inside.",false,"Yes surface production foreign others itself. Fall anyone along us truth half call.
Within wife bill democratic much care require. Three look science son point international hotel.","Third want reach none. Position base everyone. Moment husband about hour.
Down worry save person go parent. Finish establish push.
Perhaps bank air. Down once trial five.",true
4724,Maintenance of plants,Issue range us fall learn parent prove. Cover someone along job standard theory. Would director return line east truth environmental already.,true,Development he represent soon. First simple brother Congress dream maintain general just.,Myself size off long Republican common. Increase music consumer never minute class ever.,false
8519,Purchasing native riparian trees and shrubs,"Today there message minute write money.
Business size personal similar per time. Issue position so result me.",false,About position push executive politics concern near. Young memory hear environmental senior.,Similar garden off hard above gun civil. Grow ago every exist player law resource. Fund movement all realize relate season recognize.,false
